rank	score	disease_name	disease_identifier
1	0.20783686637878418	OMIM:269160	OMIM:269160
2	0.2095426321029663	ORPHA:329228	ORPHA:329228
3	0.21079093217849731	OMIM:608542	OMIM:608542
4	0.2112235426902771	OMIM:190420	OMIM:190420
5	0.21125507354736328	ORPHA:35093	ORPHA:35093
6	0.214491069316864	ORPHA:293	ORPHA:293
7	0.21727889776229858	ORPHA:2523	ORPHA:2523
8	0.21769672632217407	OMIM:602197	OMIM:602197
9	0.21804219484329224	ORPHA:981	ORPHA:981
10	0.21891188621520996	OMIM:158280	OMIM:158280
