rank	score	disease_name	disease_identifier
1	0.19297540187835693	OMIM:400004	OMIM:400004
2	0.19668251276016235	ORPHA:1852	ORPHA:1852
3	0.20033586025238037	ORPHA:83461	ORPHA:83461
4	0.20108115673065186	ORPHA:1661	ORPHA:1661
5	0.20167869329452515	ORPHA:180	ORPHA:180
6	0.20245176553726196	ORPHA:99000	ORPHA:99000
7	0.20258760452270508	ORPHA:1872	ORPHA:1872
8	0.2026926875114441	ORPHA:71276	ORPHA:71276
9	0.20368939638137817	ORPHA:1243	ORPHA:1243
10	0.204228937625885	ORPHA:2989	ORPHA:2989
