rank	score	disease_name	disease_identifier
1	0.21563750505447388	ORPHA:71276	ORPHA:71276
2	0.2176932692527771	OMIM:425500	OMIM:425500
3	0.21930837631225586	ORPHA:83461	ORPHA:83461
4	0.21997469663619995	OMIM:300082	OMIM:300082
4	0.21997469663619995	OMIM:158280	OMIM:158280
6	0.22281622886657715	ORPHA:1134	ORPHA:1134
7	0.22334182262420654	ORPHA:1661	ORPHA:1661
8	0.22344869375228882	OMIM:139630	OMIM:139630
9	0.2236919403076172	ORPHA:2989	ORPHA:2989
10	0.22435569763183594	ORPHA:293707	ORPHA:293707
