rank	score	disease_name	disease_identifier
1	0.20220154523849487	ORPHA:1447	ORPHA:1447
2	0.20490312576293945	ORPHA:2497	ORPHA:2497
3	0.2051708698272705	ORPHA:2964	ORPHA:2964
4	0.20530956983566284	OMIM:139630	OMIM:139630
5	0.2061106562614441	ORPHA:93321	ORPHA:93321
6	0.20663291215896606	ORPHA:2730	ORPHA:2730
7	0.20715641975402832	ORPHA:1509	ORPHA:1509
8	0.2077283263206482	ORPHA:477781	ORPHA:477781
9	0.20802313089370728	ORPHA:1122	ORPHA:1122
10	0.20829278230667114	ORPHA:401942	ORPHA:401942
