rank	score	disease_name	disease_identifier
1	0.19830209016799927	ORPHA:2695	ORPHA:2695
2	0.20413821935653687	ORPHA:1200	ORPHA:1200
3	0.20539146661758423	ORPHA:71276	ORPHA:71276
4	0.20650529861450195	ORPHA:3034	ORPHA:3034
5	0.20721805095672607	OMIM:425500	OMIM:425500
6	0.2077280879020691	ORPHA:2007	ORPHA:2007
7	0.20812147855758667	ORPHA:1253	ORPHA:1253
8	0.2082524299621582	OMIM:139630	OMIM:139630
9	0.20833325386047363	ORPHA:141091	ORPHA:141091
10	0.20883244276046753	ORPHA:3038	ORPHA:3038
