rank	score	disease_name	disease_identifier
1	0.1431652307510376	OMIM:139630	OMIM:139630
2	0.15617752075195312	ORPHA:720	ORPHA:720
3	0.1687701940536499	OMIM:107700	OMIM:107700
4	0.1698777675628662	ORPHA:50942	ORPHA:50942
5	0.17299801111221313	OMIM:613949	OMIM:613949
6	0.17943209409713745	ORPHA:168	ORPHA:168
7	0.1836298704147339	OMIM:425500	OMIM:425500
8	0.18477225303649902	OMIM:602197	OMIM:602197
9	0.18755602836608887	ORPHA:2040	ORPHA:2040
10	0.1888049840927124	OMIM:158280	OMIM:158280
