rank	score	disease_name	disease_identifier
1	0.2084815502166748	ORPHA:2695	ORPHA:2695
2	0.21192264556884766	ORPHA:2007	ORPHA:2007
3	0.2121383547782898	ORPHA:2964	ORPHA:2964
4	0.2123153805732727	ORPHA:477781	ORPHA:477781
5	0.21236926317214966	ORPHA:401942	ORPHA:401942
6	0.2132928967475891	ORPHA:1529	ORPHA:1529
7	0.21333974599838257	ORPHA:1200	ORPHA:1200
8	0.21420443058013916	OMIM:425500	OMIM:425500
9	0.21443873643875122	ORPHA:1906	ORPHA:1906
10	0.21462762355804443	ORPHA:2016	ORPHA:2016
