rank	score	disease_name	disease_identifier
1	0.2175235152244568	OMIM:425500	OMIM:425500
2	0.2191435694694519	OMIM:139630	OMIM:139630
3	0.22074979543685913	ORPHA:2695	ORPHA:2695
4	0.2219488024711609	ORPHA:71276	ORPHA:71276
5	0.2220439910888672	DECIPHER:21	DECIPHER:21
6	0.22283607721328735	OMIM:300082	OMIM:300082
6	0.22283607721328735	OMIM:158280	OMIM:158280
8	0.22290533781051636	ORPHA:3034	ORPHA:3034
9	0.22342169284820557	ORPHA:35093	ORPHA:35093
10	0.22530406713485718	ORPHA:2717	ORPHA:2717
