rank	score	disease_name	disease_identifier
1	0.21644097566604614	OMIM:425500	OMIM:425500
2	0.21878844499588013	OMIM:139630	OMIM:139630
3	0.22233229875564575	ORPHA:1134	ORPHA:1134
4	0.22244644165039062	ORPHA:83461	ORPHA:83461
5	0.22259312868118286	ORPHA:2291	ORPHA:2291
6	0.22291040420532227	ORPHA:720	ORPHA:720
7	0.2229120135307312	OMIM:300082	OMIM:300082
7	0.2229120135307312	OMIM:158280	OMIM:158280
9	0.22318893671035767	ORPHA:718	ORPHA:718
10	0.22334349155426025	ORPHA:79129	ORPHA:79129
