rank	score	disease_name	disease_identifier
1	0.16030162572860718	OMIM:400004	OMIM:400004
2	0.16457980871200562	ORPHA:1872	ORPHA:1872
3	0.1697549819946289	ORPHA:99000	ORPHA:99000
4	0.17010658979415894	OMIM:611543	OMIM:611543
5	0.1707283854484558	ORPHA:180	ORPHA:180
6	0.1709851622581482	ORPHA:1661	ORPHA:1661
7	0.17359477281570435	ORPHA:1243	ORPHA:1243
8	0.17392778396606445	ORPHA:1871	ORPHA:1871
9	0.17394030094146729	ORPHA:85128	ORPHA:85128
10	0.17407524585723877	ORPHA:2989	ORPHA:2989
