rank	score	disease_name	disease_identifier
1	0.21261507272720337	ORPHA:2695	ORPHA:2695
2	0.21268796920776367	ORPHA:3034	ORPHA:3034
3	0.2132471203804016	ORPHA:141091	ORPHA:141091
4	0.21383357048034668	OMIM:139630	OMIM:139630
5	0.2147480845451355	ORPHA:1447	ORPHA:1447
6	0.21533674001693726	ORPHA:1122	ORPHA:1122
7	0.21560555696487427	ORPHA:1134	ORPHA:1134
8	0.2156616449356079	OMIM:425500	OMIM:425500
9	0.21568787097930908	ORPHA:1509	ORPHA:1509
10	0.21619033813476562	ORPHA:931	ORPHA:931
