rank	score	disease_name	disease_identifier
1	0.20984387397766113	OMIM:300082	OMIM:300082
1	0.20984387397766113	OMIM:158280	OMIM:158280
3	0.21819812059402466	OMIM:139630	OMIM:139630
4	0.22049492597579956	ORPHA:2149	ORPHA:2149
5	0.22054362297058105	ORPHA:46348	ORPHA:46348
6	0.22082465887069702	OMIM:613949	OMIM:613949
7	0.22208714485168457	DECIPHER:74	DECIPHER:74
8	0.22286319732666016	DECIPHER:31	DECIPHER:31
9	0.22411978244781494	ORPHA:720	ORPHA:720
10	0.22423887252807617	ORPHA:168	ORPHA:168
