rank	score	disease_name	disease_identifier
1	0.12463933229446411	ORPHA:55654	ORPHA:55654
2	0.14894026517868042	OMIM:139630	OMIM:139630
3	0.14937067031860352	ORPHA:91132	ORPHA:91132
4	0.1517583131790161	ORPHA:444	ORPHA:444
5	0.15496641397476196	ORPHA:720	ORPHA:720
6	0.15597879886627197	ORPHA:701	ORPHA:701
7	0.15892833471298218	ORPHA:700	ORPHA:700
8	0.16036313772201538	OMIM:605389	OMIM:605389
9	0.16087251901626587	OMIM:618275	OMIM:618275
10	0.16094714403152466	ORPHA:169	ORPHA:169
