rank	score	disease_name	disease_identifier
1	0.1726093292236328	OMIM:619130	OMIM:619130
2	0.17509037256240845	OMIM:619271	OMIM:619271
3	0.17764955759048462	OMIM:187950	OMIM:187950
4	0.1781940460205078	ORPHA:231393	ORPHA:231393
5	0.18023693561553955	OMIM:615193	OMIM:615193
6	0.18412458896636963	ORPHA:318	ORPHA:318
7	0.18449372053146362	OMIM:209050	OMIM:209050
8	0.1848435401916504	OMIM:601399	OMIM:601399
9	0.18493813276290894	OMIM:173590	OMIM:173590
10	0.18661552667617798	OMIM:187800	OMIM:187800
