rank	score	disease_name	disease_identifier
1	0.19287145137786865	ORPHA:614	ORPHA:614
2	0.19531410932540894	ORPHA:238606	ORPHA:238606
3	0.19717121124267578	OMIM:158590	OMIM:158590
4	0.19752758741378784	DECIPHER:31	DECIPHER:31
5	0.19930016994476318	ORPHA:98856	ORPHA:98856
6	0.19939130544662476	ORPHA:65684	ORPHA:65684
7	0.19982337951660156	OMIM:159580	OMIM:159580
8	0.2001514434814453	ORPHA:371	ORPHA:371
9	0.20015192031860352	OMIM:615511	OMIM:615511
10	0.20050883293151855	OMIM:205250	OMIM:205250
