rank	score	disease_name	disease_identifier
1	0.20465505123138428	OMIM:139630	OMIM:139630
2	0.2057066559791565	ORPHA:2695	ORPHA:2695
3	0.20665991306304932	OMIM:425500	OMIM:425500
4	0.2091478705406189	ORPHA:2007	ORPHA:2007
5	0.20968413352966309	ORPHA:3034	ORPHA:3034
6	0.21064400672912598	ORPHA:1200	ORPHA:1200
7	0.2106560468673706	ORPHA:2717	ORPHA:2717
8	0.21076750755310059	ORPHA:71276	ORPHA:71276
9	0.2108507752418518	OMIM:615979	OMIM:615979
10	0.2108975052833557	ORPHA:141091	ORPHA:141091
