rank	score	disease_name	disease_identifier
1	0.16938674449920654	ORPHA:1872	ORPHA:1872
2	0.1724209189414978	OMIM:203340	OMIM:203340
3	0.17487210035324097	ORPHA:2989	ORPHA:2989
4	0.1749691367149353	ORPHA:180	ORPHA:180
5	0.17530208826065063	ORPHA:99000	ORPHA:99000
6	0.1755126714706421	ORPHA:1661	ORPHA:1661
7	0.17652100324630737	OMIM:611543	OMIM:611543
8	0.17887872457504272	ORPHA:370097	ORPHA:370097
9	0.1790400743484497	ORPHA:85128	ORPHA:85128
10	0.1796061396598816	ORPHA:827	ORPHA:827
