rank	score	disease_name	disease_identifier
1	0.1858552098274231	OMIM:425500	OMIM:425500
2	0.1876353621482849	OMIM:139630	OMIM:139630
3	0.1925259232521057	ORPHA:720	ORPHA:720
4	0.1959390640258789	OMIM:300082	OMIM:300082
4	0.1959390640258789	OMIM:158280	OMIM:158280
6	0.19990086555480957	OMIM:107700	OMIM:107700
7	0.20289087295532227	OMIM:127800	OMIM:127800
8	0.2035001516342163	ORPHA:2291	ORPHA:2291
9	0.2036210298538208	OMIM:613949	OMIM:613949
10	0.20418637990951538	ORPHA:71276	ORPHA:71276
