rank	score	disease_name	disease_identifier
1	0.21580219268798828	OMIM:425500	OMIM:425500
2	0.21582889556884766	ORPHA:71276	ORPHA:71276
3	0.21619242429733276	OMIM:300082	OMIM:300082
3	0.21619242429733276	OMIM:158280	OMIM:158280
5	0.21900492906570435	OMIM:139630	OMIM:139630
6	0.22146505117416382	OMIM:107700	OMIM:107700
7	0.22277605533599854	OMIM:127800	OMIM:127800
8	0.22452211380004883	ORPHA:720	ORPHA:720
9	0.22491347789764404	ORPHA:168	ORPHA:168
10	0.2254146933555603	ORPHA:2287	ORPHA:2287
