rank	score	disease_name	disease_identifier
1	0.20035773515701294	OMIM:300082	OMIM:300082
1	0.20035773515701294	OMIM:158280	OMIM:158280
3	0.20324194431304932	DECIPHER:85	DECIPHER:85
4	0.20581060647964478	DECIPHER:92	DECIPHER:92
5	0.21026611328125	DECIPHER:43	DECIPHER:43
6	0.2104441523551941	OMIM:425500	OMIM:425500
7	0.21094900369644165	OMIM:190420	OMIM:190420
8	0.21277546882629395	ORPHA:226	ORPHA:226
9	0.212876558303833	DECIPHER:62	DECIPHER:62
10	0.21323692798614502	ORPHA:71276	ORPHA:71276
