rank	score	disease_name	disease_identifier
1	0.176658034324646	DECIPHER:85	DECIPHER:85
2	0.1808689832687378	DECIPHER:92	DECIPHER:92
3	0.18231409788131714	OMIM:300218	OMIM:300218
3	0.18231409788131714	OMIM:300709	OMIM:300709
3	0.18231409788131714	OMIM:300262	OMIM:300262
3	0.18231409788131714	OMIM:277990	OMIM:277990
7	0.18580245971679688	DECIPHER:62	DECIPHER:62
8	0.1909140944480896	DECIPHER:43	DECIPHER:43
9	0.19265258312225342	ORPHA:226	ORPHA:226
10	0.1974858045578003	OMIM:609579	OMIM:609579
