rank	score	disease_name	disease_identifier
1	0.1966407299041748	OMIM:139630	OMIM:139630
2	0.19953978061676025	OMIM:300082	OMIM:300082
2	0.19953978061676025	OMIM:158280	OMIM:158280
4	0.20264208316802979	ORPHA:720	ORPHA:720
5	0.20793145895004272	OMIM:425500	OMIM:425500
6	0.20943868160247803	OMIM:127800	OMIM:127800
7	0.2109408974647522	ORPHA:168	ORPHA:168
8	0.21325373649597168	OMIM:613949	OMIM:613949
9	0.213422954082489	ORPHA:700	ORPHA:700
10	0.2137632966041565	ORPHA:50942	ORPHA:50942
