rank	score	disease_name	disease_identifier
1	0.19752472639083862	OMIM:300082	OMIM:300082
1	0.19752472639083862	OMIM:158280	OMIM:158280
3	0.2123628854751587	OMIM:139630	OMIM:139630
4	0.2126198410987854	OMIM:127800	OMIM:127800
5	0.2134495973587036	OMIM:425500	OMIM:425500
6	0.2144947648048401	OMIM:190420	OMIM:190420
7	0.21470534801483154	DECIPHER:74	DECIPHER:74
8	0.21514415740966797	ORPHA:1948	ORPHA:1948
9	0.21535271406173706	DECIPHER:62	DECIPHER:62
10	0.2165297269821167	ORPHA:720	ORPHA:720
