rank	score	disease_name	disease_identifier
1	0.19305109977722168	OMIM:300082	OMIM:300082
1	0.19305109977722168	OMIM:158280	OMIM:158280
3	0.19668537378311157	DECIPHER:85	DECIPHER:85
4	0.19863641262054443	DECIPHER:92	DECIPHER:92
5	0.2019861936569214	OMIM:300218	OMIM:300218
5	0.2019861936569214	OMIM:300709	OMIM:300709
5	0.2019861936569214	OMIM:300262	OMIM:300262
5	0.2019861936569214	OMIM:277990	OMIM:277990
9	0.2022625207901001	DECIPHER:62	DECIPHER:62
10	0.20359516143798828	DECIPHER:43	DECIPHER:43
