rank	score	disease_name	disease_identifier
1	0.19466173648834229	ORPHA:85197	ORPHA:85197
2	0.19522327184677124	ORPHA:1509	ORPHA:1509
3	0.19753175973892212	ORPHA:2768	ORPHA:2768
4	0.1989973783493042	ORPHA:931	ORPHA:931
5	0.20108461380004883	ORPHA:988	ORPHA:988
6	0.20113343000411987	OMIM:208158	OMIM:208158
7	0.20149272680282593	ORPHA:1447	ORPHA:1447
8	0.20177412033081055	ORPHA:93321	ORPHA:93321
9	0.20202195644378662	ORPHA:50809	ORPHA:50809
10	0.20238208770751953	OMIM:619598	OMIM:619598
