rank	score	disease_name	disease_identifier
1	0.1690196990966797	OMIM:139630	OMIM:139630
2	0.1760084629058838	ORPHA:720	ORPHA:720
3	0.17865025997161865	ORPHA:55654	ORPHA:55654
4	0.1838971972465515	OMIM:203340	OMIM:203340
5	0.1849239468574524	ORPHA:444	ORPHA:444
6	0.18547606468200684	ORPHA:79478	ORPHA:79478
7	0.1859636902809143	ORPHA:91132	ORPHA:91132
8	0.18838393688201904	ORPHA:1410	ORPHA:1410
9	0.18854433298110962	ORPHA:50942	ORPHA:50942
10	0.18908566236495972	ORPHA:700	ORPHA:700
