rank	score	disease_name	disease_identifier
1	0.20330756902694702	ORPHA:2678	ORPHA:2678
2	0.20998615026474	OMIM:203340	OMIM:203340
3	0.2112216353416443	ORPHA:79478	ORPHA:79478
4	0.2124006748199463	ORPHA:211	ORPHA:211
5	0.2131984829902649	OMIM:605462	OMIM:605462
6	0.21334511041641235	OMIM:139630	OMIM:139630
7	0.21417582035064697	ORPHA:867	ORPHA:867
8	0.21485859155654907	ORPHA:315	ORPHA:315
9	0.21606308221817017	ORPHA:90157	ORPHA:90157
10	0.21729081869125366	ORPHA:840	ORPHA:840
