rank	score	disease_name	disease_identifier
1	0.1667497158050537	OMIM:614128	OMIM:614128
2	0.1841326355934143	ORPHA:42062	ORPHA:42062
3	0.1853063702583313	ORPHA:2843	ORPHA:2843
4	0.187419593334198	OMIM:615517	OMIM:615517
5	0.19016754627227783	ORPHA:2056	ORPHA:2056
6	0.19144582748413086	OMIM:605814	OMIM:605814
7	0.19184190034866333	ORPHA:247598	ORPHA:247598
8	0.1918659210205078	OMIM:620364	OMIM:620364
9	0.19379472732543945	ORPHA:209919	ORPHA:209919
10	0.19395095109939575	OMIM:614028	OMIM:614028
