rank	score	disease_name	disease_identifier
1	0.210374653339386	OMIM:425500	OMIM:425500
2	0.21413326263427734	ORPHA:2695	ORPHA:2695
3	0.21421217918395996	DECIPHER:21	DECIPHER:21
4	0.21494102478027344	ORPHA:141091	ORPHA:141091
5	0.2151619791984558	ORPHA:35093	ORPHA:35093
6	0.2152131199836731	ORPHA:3034	ORPHA:3034
7	0.216594398021698	ORPHA:71276	ORPHA:71276
8	0.21700525283813477	OMIM:107700	OMIM:107700
9	0.2174481749534607	OMIM:139630	OMIM:139630
10	0.21823567152023315	ORPHA:1200	ORPHA:1200
