rank	score	disease_name	disease_identifier
1	0.1720261573791504	ORPHA:214	ORPHA:214
2	0.17333358526229858	ORPHA:69063	ORPHA:69063
3	0.17836922407150269	OMIM:124100	OMIM:124100
4	0.18133533000946045	OMIM:611771	OMIM:611771
5	0.1816094802030883	ORPHA:93599	ORPHA:93599
6	0.18205475807189941	OMIM:607832	OMIM:607832
7	0.1833820939064026	ORPHA:93109	ORPHA:93109
8	0.18391895294189453	OMIM:618884	OMIM:618884
9	0.1840503215789795	OMIM:300323	OMIM:300323
10	0.18595021963119507	OMIM:614227	OMIM:614227
