rank	score	disease_name	disease_identifier
1	0.2171403169631958	ORPHA:83461	ORPHA:83461
2	0.21773666143417358	OMIM:609257	OMIM:609257
2	0.21773666143417358	OMIM:609258	OMIM:609258
2	0.21773666143417358	OMIM:609259	OMIM:609259
5	0.21790003776550293	ORPHA:71276	ORPHA:71276
6	0.21893304586410522	OMIM:185100	OMIM:185100
7	0.22038596868515015	ORPHA:2989	ORPHA:2989
8	0.22220271825790405	ORPHA:35612	ORPHA:35612
9	0.22274553775787354	ORPHA:190	ORPHA:190
10	0.2248937487602234	ORPHA:1852	ORPHA:1852
