rank	score	disease_name	disease_identifier
1	0.18113112449645996	OMIM:613342	OMIM:613342
2	0.19216489791870117	OMIM:127800	OMIM:127800
3	0.1970006823539734	ORPHA:93304	ORPHA:93304
4	0.19851768016815186	ORPHA:2777	ORPHA:2777
5	0.20077991485595703	ORPHA:3180	ORPHA:3180
6	0.20080000162124634	OMIM:107700	OMIM:107700
7	0.20087826251983643	ORPHA:93302	ORPHA:93302
8	0.2010425329208374	ORPHA:3344	ORPHA:3344
9	0.201707124710083	OMIM:139630	OMIM:139630
10	0.2026086449623108	OMIM:619598	OMIM:619598
