rank	score	disease_name	disease_identifier
1	0.2020268440246582	ORPHA:1455	ORPHA:1455
2	0.20269089937210083	ORPHA:1209	ORPHA:1209
3	0.20640772581100464	ORPHA:402075	ORPHA:402075
4	0.20789003372192383	ORPHA:3400	ORPHA:3400
5	0.20875811576843262	ORPHA:1053	ORPHA:1053
6	0.2092716097831726	OMIM:614435	OMIM:614435
7	0.20947039127349854	OMIM:616749	OMIM:616749
8	0.20955008268356323	OMIM:109730	OMIM:109730
9	0.21035391092300415	ORPHA:1461	ORPHA:1461
10	0.2105417251586914	OMIM:189960	OMIM:189960
