rank	score	disease_name	disease_identifier
1	0.20086950063705444	OMIM:139630	OMIM:139630
2	0.20418602228164673	OMIM:425500	OMIM:425500
3	0.20610302686691284	ORPHA:720	ORPHA:720
4	0.2119370698928833	OMIM:300082	OMIM:300082
4	0.2119370698928833	OMIM:158280	OMIM:158280
6	0.2129233479499817	OMIM:127800	OMIM:127800
7	0.21336418390274048	ORPHA:168	ORPHA:168
8	0.213789701461792	ORPHA:50942	ORPHA:50942
9	0.21523141860961914	OMIM:613949	OMIM:613949
10	0.21538525819778442	ORPHA:1447	ORPHA:1447
