rank	score	disease_name	disease_identifier
1	0.2133844494819641	ORPHA:2695	ORPHA:2695
2	0.21562761068344116	OMIM:425500	OMIM:425500
3	0.21575891971588135	ORPHA:3034	ORPHA:3034
4	0.21669435501098633	ORPHA:71276	ORPHA:71276
5	0.2170146107673645	ORPHA:35093	ORPHA:35093
6	0.2193511724472046	ORPHA:1200	ORPHA:1200
7	0.21953284740447998	ORPHA:141091	ORPHA:141091
8	0.21992993354797363	ORPHA:1134	ORPHA:1134
9	0.22050422430038452	DECIPHER:21	DECIPHER:21
10	0.22050613164901733	ORPHA:3074	ORPHA:3074
