rank	score	disease_name	disease_identifier
1	0.19916081428527832	OMIM:190420	OMIM:190420
2	0.20145952701568604	OMIM:425500	OMIM:425500
3	0.2043411135673523	OMIM:613342	OMIM:613342
4	0.20492839813232422	OMIM:300082	OMIM:300082
4	0.20492839813232422	OMIM:158280	OMIM:158280
6	0.20644110441207886	ORPHA:71276	ORPHA:71276
7	0.2067660093307495	DECIPHER:62	DECIPHER:62
8	0.20905178785324097	OMIM:203340	OMIM:203340
9	0.2107475996017456	ORPHA:1917	ORPHA:1917
10	0.21093714237213135	OMIM:615414	OMIM:615414
