rank	score	disease_name	disease_identifier
1	0.17701810598373413	OMIM:425500	OMIM:425500
2	0.17874568700790405	ORPHA:71276	ORPHA:71276
3	0.18013030290603638	ORPHA:83461	ORPHA:83461
4	0.18469202518463135	ORPHA:2989	ORPHA:2989
5	0.18654489517211914	ORPHA:1661	ORPHA:1661
6	0.19024205207824707	OMIM:609257	OMIM:609257
6	0.19024205207824707	OMIM:609258	OMIM:609258
6	0.19024205207824707	OMIM:609259	OMIM:609259
9	0.1924533247947693	ORPHA:180	ORPHA:180
10	0.19423240423202515	OMIM:203340	OMIM:203340
