rank	score	disease_name	disease_identifier
1	0.18790793418884277	ORPHA:71276	ORPHA:71276
2	0.18941974639892578	ORPHA:83461	ORPHA:83461
3	0.19684875011444092	OMIM:203340	OMIM:203340
4	0.1991732120513916	ORPHA:2989	ORPHA:2989
5	0.2043910026550293	OMIM:616428	OMIM:616428
6	0.20572733879089355	ORPHA:1661	ORPHA:1661
7	0.20636039972305298	OMIM:615113	OMIM:615113
8	0.2067813277244568	ORPHA:2334	ORPHA:2334
9	0.20687705278396606	ORPHA:1872	ORPHA:1872
10	0.2074618935585022	ORPHA:231736	ORPHA:231736
