rank	score	disease_name	disease_identifier
1	0.18233489990234375	ORPHA:279882	ORPHA:279882
2	0.19583368301391602	OMIM:611031	OMIM:611031
3	0.19600099325180054	ORPHA:1429	ORPHA:1429
4	0.19691962003707886	ORPHA:3175	ORPHA:3175
5	0.1970919370651245	ORPHA:238606	ORPHA:238606
6	0.19719630479812622	ORPHA:614	ORPHA:614
7	0.19741863012313843	ORPHA:1179	ORPHA:1179
8	0.19933795928955078	ORPHA:306734	ORPHA:306734
9	0.20024704933166504	ORPHA:98810	ORPHA:98810
10	0.2006436586380005	ORPHA:98806	ORPHA:98806
