rank	score	disease_name	disease_identifier
1	0.19247907400131226	ORPHA:279882	ORPHA:279882
2	0.19412869215011597	OMIM:300082	OMIM:300082
2	0.19412869215011597	OMIM:158280	OMIM:158280
4	0.19639325141906738	ORPHA:1429	ORPHA:1429
5	0.19951921701431274	OMIM:602197	OMIM:602197
6	0.20037293434143066	ORPHA:1179	ORPHA:1179
7	0.20258325338363647	DECIPHER:31	DECIPHER:31
8	0.2026410698890686	OMIM:302600	OMIM:302600
9	0.20403581857681274	ORPHA:1186	ORPHA:1186
10	0.20411378145217896	OMIM:159580	OMIM:159580
