rank	score	disease_name	disease_identifier
1	0.20906293392181396	ORPHA:1509	ORPHA:1509
2	0.211090087890625	OMIM:613342	OMIM:613342
3	0.21134811639785767	OMIM:619598	OMIM:619598
4	0.2125435471534729	ORPHA:1447	ORPHA:1447
5	0.21350687742233276	ORPHA:1122	ORPHA:1122
6	0.21408456563949585	ORPHA:2632	ORPHA:2632
7	0.2145552635192871	ORPHA:67041	ORPHA:67041
8	0.21463251113891602	ORPHA:1040	ORPHA:1040
9	0.21521979570388794	ORPHA:931	ORPHA:931
10	0.21572661399841309	ORPHA:2019	ORPHA:2019
