rank	score	disease_name	disease_identifier
1	0.18878215551376343	ORPHA:2287	ORPHA:2287
2	0.19628840684890747	ORPHA:99798	ORPHA:99798
3	0.19729197025299072	ORPHA:1509	ORPHA:1509
4	0.1976606249809265	OMIM:139630	OMIM:139630
5	0.1988074779510498	ORPHA:477781	ORPHA:477781
6	0.1994103193283081	ORPHA:1077	ORPHA:1077
7	0.20015960931777954	ORPHA:3196	ORPHA:3196
8	0.20112985372543335	ORPHA:88661	ORPHA:88661
9	0.2012447714805603	ORPHA:401942	ORPHA:401942
10	0.20262277126312256	ORPHA:931	ORPHA:931
