rank	score	disease_name	disease_identifier
1	0.19506651163101196	OMIM:139630	OMIM:139630
2	0.19743013381958008	OMIM:300082	OMIM:300082
2	0.19743013381958008	OMIM:158280	OMIM:158280
4	0.1984626054763794	OMIM:425500	OMIM:425500
5	0.20229870080947876	ORPHA:720	ORPHA:720
6	0.20374208688735962	ORPHA:168	ORPHA:168
7	0.2058454155921936	ORPHA:71276	ORPHA:71276
8	0.20744740962982178	ORPHA:83461	ORPHA:83461
9	0.20749914646148682	ORPHA:141091	ORPHA:141091
10	0.2088487148284912	OMIM:107700	OMIM:107700
