rank	score	disease_name	disease_identifier
1	0.18644452095031738	OMIM:300082	OMIM:300082
1	0.18644452095031738	OMIM:158280	OMIM:158280
3	0.19462847709655762	OMIM:425500	OMIM:425500
4	0.19660574197769165	OMIM:139630	OMIM:139630
5	0.2000923752784729	ORPHA:329228	ORPHA:329228
6	0.2004966139793396	ORPHA:71276	ORPHA:71276
7	0.2006288766860962	OMIM:602197	OMIM:602197
8	0.20198416709899902	OMIM:269160	OMIM:269160
9	0.20445406436920166	ORPHA:720	ORPHA:720
10	0.20535027980804443	ORPHA:168	ORPHA:168
