rank	score	disease_name	disease_identifier
1	0.19646596908569336	OMIM:300082	OMIM:300082
1	0.19646596908569336	OMIM:158280	OMIM:158280
3	0.20318317413330078	OMIM:139630	OMIM:139630
4	0.2048172950744629	OMIM:425500	OMIM:425500
5	0.2064775824546814	OMIM:190420	OMIM:190420
6	0.20853489637374878	ORPHA:71276	ORPHA:71276
7	0.20889002084732056	ORPHA:720	ORPHA:720
8	0.21224719285964966	ORPHA:168	ORPHA:168
9	0.21254009008407593	OMIM:107700	OMIM:107700
10	0.21281874179840088	OMIM:127800	OMIM:127800
