rank	score	disease_name	disease_identifier
1	0.20870131254196167	OMIM:139630	OMIM:139630
2	0.20877957344055176	OMIM:300082	OMIM:300082
2	0.20877957344055176	OMIM:158280	OMIM:158280
4	0.21101582050323486	OMIM:425500	OMIM:425500
5	0.21318364143371582	ORPHA:71276	ORPHA:71276
6	0.21473783254623413	ORPHA:720	ORPHA:720
7	0.21504896879196167	ORPHA:83461	ORPHA:83461
8	0.2157740592956543	ORPHA:168	ORPHA:168
9	0.21626120805740356	ORPHA:1661	ORPHA:1661
10	0.21751302480697632	ORPHA:2989	ORPHA:2989
