rank	score	disease_name	disease_identifier
1	0.1871376633644104	OMIM:300082	OMIM:300082
1	0.1871376633644104	OMIM:158280	OMIM:158280
3	0.19871604442596436	OMIM:139630	OMIM:139630
4	0.20046192407608032	OMIM:425500	OMIM:425500
5	0.2030860185623169	ORPHA:71276	ORPHA:71276
6	0.205855131149292	ORPHA:720	ORPHA:720
7	0.20771127939224243	OMIM:190420	OMIM:190420
8	0.2083338499069214	DECIPHER:31	DECIPHER:31
9	0.20941925048828125	OMIM:127800	OMIM:127800
10	0.20978140830993652	ORPHA:168	ORPHA:168
