rank	score	disease_name	disease_identifier
1	0.20692288875579834	ORPHA:1509	ORPHA:1509
2	0.20785605907440186	OMIM:208158	OMIM:208158
3	0.2083427906036377	OMIM:168860	OMIM:168860
4	0.21071690320968628	OMIM:139630	OMIM:139630
5	0.21131938695907593	ORPHA:988	ORPHA:988
6	0.21135157346725464	OMIM:200500	OMIM:200500
7	0.21250301599502563	OMIM:275220	OMIM:275220
8	0.21339410543441772	ORPHA:50942	ORPHA:50942
9	0.21348506212234497	ORPHA:401780	ORPHA:401780
10	0.21397876739501953	OMIM:158590	OMIM:158590
