rank	score	disease_name	disease_identifier
1	0.2103096842765808	ORPHA:840	ORPHA:840
2	0.21186703443527222	OMIM:161550	OMIM:161550
3	0.21205157041549683	ORPHA:867	ORPHA:867
4	0.2141401767730713	ORPHA:493	ORPHA:493
5	0.215359628200531	ORPHA:280794	ORPHA:280794
6	0.2159540057182312	ORPHA:315	ORPHA:315
7	0.2172079086303711	ORPHA:211	ORPHA:211
8	0.21806460618972778	OMIM:605462	OMIM:605462
9	0.21918803453445435	ORPHA:464318	ORPHA:464318
10	0.21979385614395142	ORPHA:157997	ORPHA:157997
