rank	score	disease_name	disease_identifier
1	0.19942432641983032	ORPHA:88635	ORPHA:88635
2	0.2007519006729126	ORPHA:206599	ORPHA:206599
3	0.20205068588256836	OMIM:614128	OMIM:614128
4	0.2085520625114441	ORPHA:42062	ORPHA:42062
5	0.21289187669754028	ORPHA:2843	ORPHA:2843
6	0.2133980393409729	ORPHA:2056	ORPHA:2056
7	0.21626591682434082	ORPHA:243343	ORPHA:243343
8	0.2187708616256714	OMIM:613825	OMIM:613825
9	0.21893805265426636	OMIM:615517	OMIM:615517
10	0.21961462497711182	ORPHA:45	ORPHA:45
