rank	score	disease_name	disease_identifier
1	0.21447104215621948	ORPHA:436144	ORPHA:436144
2	0.2174379825592041	ORPHA:293	ORPHA:293
3	0.21957927942276	OMIM:190420	OMIM:190420
4	0.21979540586471558	ORPHA:67041	ORPHA:67041
5	0.22100019454956055	OMIM:613342	OMIM:613342
6	0.22206944227218628	OMIM:139630	OMIM:139630
7	0.2255096435546875	OMIM:615414	OMIM:615414
8	0.22598129510879517	OMIM:613949	OMIM:613949
9	0.2264276146888733	ORPHA:631	ORPHA:631
10	0.2268749475479126	OMIM:135950	OMIM:135950
