rank	score	disease_name	disease_identifier
1	0.21186840534210205	OMIM:300082	OMIM:300082
1	0.21186840534210205	OMIM:158280	OMIM:158280
3	0.21411073207855225	OMIM:610187	OMIM:610187
4	0.21469777822494507	ORPHA:718	ORPHA:718
5	0.21635210514068604	ORPHA:2291	ORPHA:2291
6	0.21648848056793213	OMIM:425500	OMIM:425500
7	0.21669650077819824	ORPHA:2808	ORPHA:2808
8	0.21677875518798828	OMIM:107700	OMIM:107700
9	0.2168731689453125	ORPHA:3346	ORPHA:3346
10	0.2178877592086792	OMIM:189960	OMIM:189960
