rank	score	disease_name	disease_identifier
1	0.16756349802017212	ORPHA:51083	ORPHA:51083
2	0.17326289415359497	ORPHA:130	ORPHA:130
3	0.17382073402404785	ORPHA:1479	ORPHA:1479
4	0.17394989728927612	OMIM:614090	OMIM:614090
5	0.17724472284317017	ORPHA:3193	ORPHA:3193
6	0.1780024766921997	ORPHA:3283	ORPHA:3283
7	0.17885881662368774	OMIM:603829	OMIM:603829
8	0.18041348457336426	OMIM:616117	OMIM:616117
9	0.18115127086639404	ORPHA:1055	ORPHA:1055
10	0.1852514147758484	OMIM:601144	OMIM:601144
