rank	score	disease_name	disease_identifier
1	0.1848151683807373	ORPHA:55654	ORPHA:55654
2	0.19052338600158691	OMIM:139630	OMIM:139630
3	0.19664287567138672	ORPHA:720	ORPHA:720
4	0.19664400815963745	OMIM:127800	OMIM:127800
5	0.1968182921409607	ORPHA:91132	ORPHA:91132
6	0.19842666387557983	OMIM:605389	OMIM:605389
7	0.19881457090377808	ORPHA:444	ORPHA:444
8	0.2003578543663025	OMIM:618275	OMIM:618275
9	0.20157968997955322	ORPHA:631	ORPHA:631
10	0.20282405614852905	ORPHA:314802	ORPHA:314802
