rank	score	disease_name	disease_identifier
1	0.1970546841621399	OMIM:602197	OMIM:602197
2	0.1996222734451294	OMIM:269160	OMIM:269160
3	0.2066802978515625	OMIM:425500	OMIM:425500
4	0.20892882347106934	ORPHA:83461	ORPHA:83461
5	0.21108603477478027	OMIM:139630	OMIM:139630
6	0.21291548013687134	ORPHA:329228	ORPHA:329228
7	0.21588796377182007	OMIM:615771	OMIM:615771
8	0.21625226736068726	OMIM:179400	OMIM:179400
9	0.21631580591201782	ORPHA:720	ORPHA:720
10	0.21670585870742798	ORPHA:168	ORPHA:168
