rank	score	disease_name	disease_identifier
1	0.21221762895584106	ORPHA:98856	ORPHA:98856
2	0.213171124458313	ORPHA:238606	ORPHA:238606
3	0.21399998664855957	ORPHA:399096	ORPHA:399096
4	0.21502017974853516	OMIM:614065	OMIM:614065
5	0.21524322032928467	ORPHA:45448	ORPHA:45448
6	0.21528154611587524	OMIM:300082	OMIM:300082
6	0.21528154611587524	OMIM:158280	OMIM:158280
8	0.21594083309173584	ORPHA:219	ORPHA:219
9	0.21602332592010498	ORPHA:592	ORPHA:592
10	0.2167987823486328	OMIM:158590	OMIM:158590
