rank	score	disease_name	disease_identifier
1	0.2060902714729309	ORPHA:1509	ORPHA:1509
2	0.2072697877883911	OMIM:208158	OMIM:208158
3	0.2148546576499939	ORPHA:3180	ORPHA:3180
4	0.21509629487991333	ORPHA:85197	ORPHA:85197
5	0.21564370393753052	ORPHA:2285	ORPHA:2285
6	0.21568584442138672	OMIM:610187	OMIM:610187
7	0.21601200103759766	OMIM:139630	OMIM:139630
8	0.2166326642036438	ORPHA:2768	ORPHA:2768
9	0.21672570705413818	ORPHA:2114	ORPHA:2114
10	0.21677166223526	OMIM:127800	OMIM:127800
