rank	score	disease_name	disease_identifier
1	0.1969553828239441	OMIM:300082	OMIM:300082
1	0.1969553828239441	OMIM:158280	OMIM:158280
3	0.20464354753494263	ORPHA:279882	ORPHA:279882
4	0.20829612016677856	ORPHA:238606	ORPHA:238606
5	0.2098284363746643	ORPHA:1429	ORPHA:1429
6	0.2110273241996765	ORPHA:1179	ORPHA:1179
7	0.21142297983169556	ORPHA:256	ORPHA:256
8	0.21159321069717407	DECIPHER:31	DECIPHER:31
9	0.2119065523147583	ORPHA:71519	ORPHA:71519
10	0.21243000030517578	ORPHA:1186	ORPHA:1186
