rank	score	disease_name	disease_identifier
1	0.1976439356803894	OMIM:139630	OMIM:139630
2	0.2000102400779724	ORPHA:50942	ORPHA:50942
3	0.2007114291191101	ORPHA:281201	ORPHA:281201
4	0.20365387201309204	OMIM:607936	OMIM:607936
5	0.20419669151306152	ORPHA:720	ORPHA:720
6	0.2049744725227356	ORPHA:199267	ORPHA:199267
7	0.20604181289672852	ORPHA:455	ORPHA:455
8	0.20628929138183594	ORPHA:79151	ORPHA:79151
9	0.2067672610282898	ORPHA:2841	ORPHA:2841
10	0.2103559374809265	OMIM:602723	OMIM:602723
