rank	score	disease_name	disease_identifier
1	0.20242446660995483	OMIM:139630	OMIM:139630
2	0.20670145750045776	OMIM:425500	OMIM:425500
3	0.20744800567626953	ORPHA:2695	ORPHA:2695
4	0.20810365676879883	ORPHA:71276	ORPHA:71276
5	0.20983892679214478	ORPHA:720	ORPHA:720
6	0.20987480878829956	ORPHA:168	ORPHA:168
7	0.21034395694732666	ORPHA:3034	ORPHA:3034
8	0.21133559942245483	ORPHA:2017	ORPHA:2017
9	0.2121172547340393	DECIPHER:21	DECIPHER:21
10	0.21455836296081543	ORPHA:1200	ORPHA:1200
