rank	score	disease_name	disease_identifier
1	0.134874165058136	ORPHA:231393	ORPHA:231393
2	0.136837899684906	OMIM:615193	OMIM:615193
3	0.14202868938446045	OMIM:187950	OMIM:187950
4	0.1453862190246582	OMIM:619271	OMIM:619271
5	0.14690113067626953	ORPHA:521	ORPHA:521
6	0.1494796872138977	OMIM:619130	OMIM:619130
7	0.14999741315841675	OMIM:187800	OMIM:187800
8	0.1526474952697754	OMIM:188000	OMIM:188000
9	0.15407472848892212	ORPHA:721	ORPHA:721
10	0.15496724843978882	OMIM:188030	OMIM:188030
