rank	score	disease_name	disease_identifier
1	0.1986371874809265	ORPHA:1134	ORPHA:1134
2	0.201321542263031	OMIM:179400	OMIM:179400
3	0.20348942279815674	OMIM:269160	OMIM:269160
4	0.20456570386886597	OMIM:142946	OMIM:142946
5	0.20490926504135132	ORPHA:141091	ORPHA:141091
6	0.20619046688079834	ORPHA:2695	ORPHA:2695
7	0.20628225803375244	ORPHA:2007	ORPHA:2007
8	0.20657145977020264	ORPHA:99771	ORPHA:99771
9	0.207231342792511	OMIM:619452	OMIM:619452
10	0.2084316611289978	OMIM:610828	OMIM:610828
