rank	score	disease_name	disease_identifier
1	0.1912163496017456	OMIM:300082	OMIM:300082
1	0.1912163496017456	OMIM:158280	OMIM:158280
3	0.20490479469299316	OMIM:159580	OMIM:159580
4	0.20815396308898926	ORPHA:238606	ORPHA:238606
5	0.20946049690246582	ORPHA:614	ORPHA:614
6	0.21020567417144775	DECIPHER:31	DECIPHER:31
7	0.211614727973938	ORPHA:65684	ORPHA:65684
8	0.2120727300643921	ORPHA:46348	ORPHA:46348
9	0.21404409408569336	ORPHA:2149	ORPHA:2149
10	0.21440494060516357	OMIM:306300	OMIM:306300
