rank	score	disease_name	disease_identifier
1	0.21296101808547974	OMIM:300082	OMIM:300082
1	0.21296101808547974	OMIM:158280	OMIM:158280
3	0.21325278282165527	OMIM:139630	OMIM:139630
4	0.2136048674583435	OMIM:127800	OMIM:127800
5	0.21693533658981323	ORPHA:720	ORPHA:720
6	0.21693700551986694	OMIM:208158	OMIM:208158
7	0.21733403205871582	OMIM:425500	OMIM:425500
8	0.21967238187789917	ORPHA:50942	ORPHA:50942
9	0.21977323293685913	OMIM:613949	OMIM:613949
10	0.22288471460342407	ORPHA:1802	ORPHA:1802
