rank	score	disease_name	disease_identifier
1	0.20159804821014404	ORPHA:2287	ORPHA:2287
2	0.20476162433624268	ORPHA:3034	ORPHA:3034
3	0.2055225968360901	OMIM:425500	OMIM:425500
4	0.20682597160339355	OMIM:613342	OMIM:613342
5	0.20876944065093994	ORPHA:477781	ORPHA:477781
6	0.20891505479812622	ORPHA:2695	ORPHA:2695
7	0.20952743291854858	OMIM:139630	OMIM:139630
8	0.21084028482437134	ORPHA:1200	ORPHA:1200
9	0.21096235513687134	ORPHA:35093	ORPHA:35093
10	0.212302565574646	ORPHA:2025	ORPHA:2025
