rank	score	disease_name	disease_identifier
1	0.19083696603775024	OMIM:139630	OMIM:139630
2	0.19584298133850098	OMIM:425500	OMIM:425500
3	0.19953596591949463	ORPHA:720	ORPHA:720
4	0.20079749822616577	OMIM:107700	OMIM:107700
5	0.20175909996032715	ORPHA:168	ORPHA:168
6	0.20423853397369385	OMIM:300082	OMIM:300082
6	0.20423853397369385	OMIM:158280	OMIM:158280
8	0.20435833930969238	OMIM:613949	OMIM:613949
9	0.20587122440338135	ORPHA:50942	ORPHA:50942
10	0.20772427320480347	ORPHA:1447	ORPHA:1447
