rank	score	disease_name	disease_identifier
1	0.20643097162246704	OMIM:425500	OMIM:425500
2	0.20767509937286377	OMIM:139630	OMIM:139630
3	0.21106183528900146	ORPHA:83461	ORPHA:83461
4	0.21251463890075684	OMIM:300082	OMIM:300082
4	0.21251463890075684	OMIM:158280	OMIM:158280
6	0.2126709222793579	ORPHA:2564	ORPHA:2564
7	0.21271061897277832	OMIM:107700	OMIM:107700
8	0.21295267343521118	ORPHA:1122	ORPHA:1122
9	0.21310734748840332	ORPHA:168	ORPHA:168
10	0.21338748931884766	OMIM:184705	OMIM:184705
