rank	score	disease_name	disease_identifier
1	0.20421111583709717	OMIM:425500	OMIM:425500
2	0.2096535563468933	OMIM:300082	OMIM:300082
2	0.2096535563468933	OMIM:158280	OMIM:158280
4	0.2114822268486023	OMIM:139630	OMIM:139630
5	0.21639323234558105	ORPHA:720	ORPHA:720
6	0.21679657697677612	OMIM:127800	OMIM:127800
7	0.21830660104751587	ORPHA:71276	ORPHA:71276
8	0.21992909908294678	ORPHA:168	ORPHA:168
9	0.22270607948303223	OMIM:107700	OMIM:107700
10	0.22332817316055298	OMIM:208158	OMIM:208158
