rank	score	disease_name	disease_identifier
1	0.19721615314483643	OMIM:300082	OMIM:300082
1	0.19721615314483643	OMIM:158280	OMIM:158280
3	0.20111411809921265	OMIM:425500	OMIM:425500
4	0.2011634111404419	OMIM:139630	OMIM:139630
5	0.20618337392807007	ORPHA:720	ORPHA:720
6	0.20946359634399414	OMIM:613949	OMIM:613949
7	0.21170133352279663	OMIM:107700	OMIM:107700
8	0.21193909645080566	ORPHA:50942	ORPHA:50942
9	0.2121046781539917	ORPHA:168	ORPHA:168
10	0.21293270587921143	OMIM:602197	OMIM:602197
