rank	score	disease_name	disease_identifier
1	0.2108858823776245	OMIM:425500	OMIM:425500
2	0.21240204572677612	OMIM:300082	OMIM:300082
2	0.21240204572677612	OMIM:158280	OMIM:158280
4	0.21329915523529053	OMIM:139630	OMIM:139630
5	0.21696388721466064	ORPHA:2287	ORPHA:2287
6	0.2181262969970703	ORPHA:720	ORPHA:720
7	0.218988835811615	OMIM:107700	OMIM:107700
8	0.2197284698486328	ORPHA:2564	ORPHA:2564
9	0.22006934881210327	ORPHA:168	ORPHA:168
10	0.22013115882873535	ORPHA:79129	ORPHA:79129
