rank	score	disease_name	disease_identifier
1	0.2041698694229126	OMIM:300082	OMIM:300082
1	0.2041698694229126	OMIM:158280	OMIM:158280
3	0.20485061407089233	DECIPHER:62	DECIPHER:62
4	0.20524215698242188	DECIPHER:92	DECIPHER:92
5	0.20525866746902466	OMIM:190420	OMIM:190420
6	0.20901703834533691	ORPHA:226	ORPHA:226
7	0.21022051572799683	OMIM:269160	OMIM:269160
8	0.21150773763656616	DECIPHER:85	DECIPHER:85
9	0.21185225248336792	OMIM:187395	OMIM:187395
10	0.212152361869812	ORPHA:293	ORPHA:293
