rank	score	disease_name	disease_identifier
1	0.20720142126083374	ORPHA:71276	ORPHA:71276
2	0.20761430263519287	OMIM:300082	OMIM:300082
2	0.20761430263519287	OMIM:158280	OMIM:158280
4	0.2076929807662964	OMIM:139630	OMIM:139630
5	0.209880530834198	ORPHA:83461	ORPHA:83461
6	0.2099529504776001	OMIM:425500	OMIM:425500
7	0.210970938205719	ORPHA:1661	ORPHA:1661
8	0.21140283346176147	OMIM:107700	OMIM:107700
9	0.21264642477035522	ORPHA:2989	ORPHA:2989
10	0.21301305294036865	ORPHA:720	ORPHA:720
