rank	score	disease_name	disease_identifier
1	0.16453272104263306	DECIPHER:85	DECIPHER:85
2	0.17770999670028687	DECIPHER:43	DECIPHER:43
3	0.18184179067611694	DECIPHER:92	DECIPHER:92
4	0.1823825240135193	OMIM:300218	OMIM:300218
4	0.1823825240135193	OMIM:300709	OMIM:300709
4	0.1823825240135193	OMIM:300262	OMIM:300262
4	0.1823825240135193	OMIM:277990	OMIM:277990
8	0.18359750509262085	DECIPHER:67	DECIPHER:67
9	0.18785134653457336	ORPHA:1799	ORPHA:1799
10	0.19544249773025513	DECIPHER:20	DECIPHER:20
