rank	score	disease_name	disease_identifier
1	0.2013494372367859	OMIM:300082	OMIM:300082
1	0.2013494372367859	OMIM:158280	OMIM:158280
3	0.20163726806640625	OMIM:425500	OMIM:425500
4	0.20595937967300415	ORPHA:83461	ORPHA:83461
5	0.2070622444152832	OMIM:139630	OMIM:139630
6	0.2122015357017517	OMIM:107700	OMIM:107700
7	0.21254748106002808	ORPHA:71276	ORPHA:71276
8	0.2129199504852295	OMIM:616428	OMIM:616428
9	0.2132636308670044	ORPHA:1681	ORPHA:1681
10	0.2135360836982727	ORPHA:720	ORPHA:720
