rank	score	disease_name	disease_identifier
1	0.17295432090759277	DECIPHER:31	DECIPHER:31
2	0.1760166883468628	ORPHA:639	ORPHA:639
3	0.17810267210006714	DECIPHER:29	DECIPHER:29
4	0.1824793815612793	ORPHA:99953	ORPHA:99953
5	0.1826080083847046	ORPHA:98856	ORPHA:98856
6	0.18361544609069824	OMIM:608323	OMIM:608323
7	0.18419283628463745	ORPHA:99944	ORPHA:99944
8	0.18459200859069824	OMIM:605589	OMIM:605589
9	0.18498897552490234	OMIM:158590	OMIM:158590
10	0.18624520301818848	OMIM:618912	OMIM:618912
