rank	score	disease_name	disease_identifier
1	0.19090211391448975	OMIM:139630	OMIM:139630
2	0.19332557916641235	ORPHA:1509	ORPHA:1509
3	0.19871973991394043	ORPHA:931	ORPHA:931
4	0.19899123907089233	ORPHA:1802	ORPHA:1802
5	0.19905751943588257	OMIM:619598	OMIM:619598
6	0.20013320446014404	ORPHA:720	ORPHA:720
7	0.20173746347427368	ORPHA:93304	ORPHA:93304
8	0.20254051685333252	ORPHA:85197	ORPHA:85197
9	0.20322185754776	ORPHA:85175	ORPHA:85175
10	0.20353907346725464	ORPHA:3144	ORPHA:3144
