rank	score	disease_name	disease_identifier
1	0.19370228052139282	OMIM:139630	OMIM:139630
2	0.19555431604385376	ORPHA:1509	ORPHA:1509
3	0.20007914304733276	OMIM:619598	OMIM:619598
4	0.20048922300338745	ORPHA:1802	ORPHA:1802
5	0.20146608352661133	ORPHA:931	ORPHA:931
6	0.2027464509010315	OMIM:127800	OMIM:127800
7	0.2028883695602417	ORPHA:720	ORPHA:720
8	0.20407187938690186	ORPHA:3344	ORPHA:3344
9	0.20470857620239258	ORPHA:2114	ORPHA:2114
10	0.20502352714538574	ORPHA:85175	ORPHA:85175
