rank	score	disease_name	disease_identifier
1	0.19530975818634033	OMIM:139630	OMIM:139630
2	0.19716060161590576	ORPHA:1509	ORPHA:1509
3	0.20058566331863403	ORPHA:35093	ORPHA:35093
4	0.200941264629364	DECIPHER:21	DECIPHER:21
5	0.20137113332748413	ORPHA:93304	ORPHA:93304
6	0.20146846771240234	ORPHA:1802	ORPHA:1802
7	0.20161175727844238	OMIM:619598	OMIM:619598
8	0.20241707563400269	ORPHA:3034	ORPHA:3034
9	0.20297396183013916	ORPHA:931	ORPHA:931
10	0.20336705446243286	ORPHA:141091	ORPHA:141091
