rank	score	disease_name	disease_identifier
1	0.18400388956069946	ORPHA:48372	ORPHA:48372
2	0.19071424007415771	ORPHA:79302	ORPHA:79302
3	0.1938442587852478	ORPHA:3111	ORPHA:3111
4	0.19846183061599731	OMIM:210500	OMIM:210500
5	0.19850200670095386	ORPHA:79235	ORPHA:79235
6	0.19924837350845337	OMIM:605814	OMIM:605814
7	0.20006698369979858	ORPHA:60	ORPHA:60
8	0.20111364126205444	OMIM:614128	OMIM:614128
9	0.2012850046157837	OMIM:237500	OMIM:237500
10	0.20182734727859497	OMIM:243300	OMIM:243300
