rank	score	disease_name	disease_identifier
1	0.17645758390426636	ORPHA:1209	ORPHA:1209
2	0.17825639247894287	ORPHA:1455	ORPHA:1455
3	0.18301421403884888	OMIM:265150	OMIM:265150
4	0.18560802936553955	OMIM:614435	OMIM:614435
5	0.18785887956619263	OMIM:617205	OMIM:617205
6	0.18808668851852417	OMIM:616749	OMIM:616749
7	0.18894624710083008	OMIM:613854	OMIM:613854
8	0.1899670958518982	OMIM:610187	OMIM:610187
9	0.19002509117126465	OMIM:619702	OMIM:619702
10	0.19024509191513062	OMIM:208530	OMIM:208530
