rank	score	disease_name	disease_identifier
1	0.2036411166191101	OMIM:300082	OMIM:300082
1	0.2036411166191101	OMIM:158280	OMIM:158280
3	0.2096160650253296	ORPHA:1429	ORPHA:1429
4	0.2122003436088562	ORPHA:71276	ORPHA:71276
5	0.21263247728347778	ORPHA:83461	ORPHA:83461
6	0.21437573432922363	ORPHA:1168	ORPHA:1168
7	0.2151780128479004	ORPHA:2989	ORPHA:2989
8	0.215240478515625	ORPHA:71519	ORPHA:71519
9	0.21562254428863525	ORPHA:1186	ORPHA:1186
10	0.2158794403076172	ORPHA:792	ORPHA:792
