rank	score	disease_name	disease_identifier
1	0.19827234745025635	OMIM:602197	OMIM:602197
2	0.19933545589447021	OMIM:269160	OMIM:269160
3	0.20352256298065186	ORPHA:329228	ORPHA:329228
4	0.2042366862297058	OMIM:187395	OMIM:187395
5	0.20847433805465698	DECIPHER:62	DECIPHER:62
6	0.20965445041656494	OMIM:615771	OMIM:615771
7	0.2099815011024475	ORPHA:293	ORPHA:293
8	0.21142572164535522	OMIM:190420	OMIM:190420
9	0.21243083477020264	DECIPHER:21	DECIPHER:21
10	0.21314167976379395	ORPHA:1528	ORPHA:1528
