rank	score	disease_name	disease_identifier
1	0.2017105221748352	OMIM:139630	OMIM:139630
2	0.20440399646759033	ORPHA:71276	ORPHA:71276
3	0.20626240968704224	OMIM:425500	OMIM:425500
4	0.2066919207572937	ORPHA:720	ORPHA:720
5	0.20709043741226196	OMIM:300082	OMIM:300082
5	0.20709043741226196	OMIM:158280	OMIM:158280
7	0.21207201480865479	ORPHA:168	ORPHA:168
8	0.21241778135299683	OMIM:127800	OMIM:127800
9	0.2133280634880066	OMIM:107700	OMIM:107700
10	0.21421682834625244	ORPHA:2989	ORPHA:2989
