rank	score	disease_name	disease_identifier
1	0.19149458408355713	ORPHA:482	ORPHA:482
2	0.1993994116783142	OMIM:613949	OMIM:613949
3	0.2010502815246582	OMIM:606843	OMIM:606843
4	0.20253849029541016	ORPHA:859	ORPHA:859
5	0.20364737510681152	OMIM:616452	OMIM:616452
6	0.20396262407302856	OMIM:120050	OMIM:120050
7	0.20468789339065552	OMIM:609529	OMIM:609529
8	0.20546448230743408	OMIM:146830	OMIM:146830
9	0.20572209358215332	ORPHA:86788	ORPHA:86788
10	0.2061680555343628	OMIM:610163	OMIM:610163
