rank	score	disease_name	disease_identifier
1	0.1950727105140686	OMIM:139630	OMIM:139630
2	0.19788438081741333	OMIM:613342	OMIM:613342
3	0.20065629482269287	OMIM:190420	OMIM:190420
4	0.2006726861000061	ORPHA:720	ORPHA:720
5	0.20205342769622803	OMIM:425500	OMIM:425500
6	0.2036595344543457	ORPHA:2730	ORPHA:2730
7	0.2038283348083496	ORPHA:973	ORPHA:973
8	0.2041727900505066	ORPHA:93321	ORPHA:93321
9	0.20447254180908203	ORPHA:85175	ORPHA:85175
10	0.20562082529067993	ORPHA:1509	ORPHA:1509
