rank	score	disease_name	disease_identifier
1	0.21009647846221924	OMIM:300082	OMIM:300082
1	0.21009647846221924	OMIM:158280	OMIM:158280
3	0.21552890539169312	OMIM:425500	OMIM:425500
4	0.21606630086898804	ORPHA:71276	ORPHA:71276
5	0.2206743359565735	OMIM:208158	OMIM:208158
6	0.22106486558914185	OMIM:139630	OMIM:139630
7	0.22292721271514893	OMIM:127800	OMIM:127800
8	0.22446411848068237	ORPHA:2149	ORPHA:2149
9	0.22480642795562744	ORPHA:83461	ORPHA:83461
10	0.22483378648757935	ORPHA:168	ORPHA:168
