rank	score	disease_name	disease_identifier
1	0.20091837644577026	OMIM:425500	OMIM:425500
2	0.20540183782577515	OMIM:139630	OMIM:139630
3	0.20968735218048096	ORPHA:141091	ORPHA:141091
4	0.21043044328689575	ORPHA:1134	ORPHA:1134
5	0.21153461933135986	DECIPHER:21	DECIPHER:21
6	0.21203142404556274	ORPHA:1200	ORPHA:1200
7	0.2120908498764038	ORPHA:720	ORPHA:720
8	0.2122839093208313	OMIM:179400	OMIM:179400
9	0.21272164583206177	ORPHA:1681	ORPHA:1681
10	0.21287906169891357	ORPHA:79129	ORPHA:79129
