rank	score	disease_name	disease_identifier
1	0.20588010549545288	OMIM:139630	OMIM:139630
2	0.207017719745636	OMIM:127800	OMIM:127800
3	0.2095772624015808	OMIM:107700	OMIM:107700
4	0.2099199891090393	OMIM:300082	OMIM:300082
4	0.2099199891090393	OMIM:158280	OMIM:158280
6	0.21034878492355347	OMIM:613949	OMIM:613949
7	0.21045488119125366	ORPHA:1509	ORPHA:1509
8	0.21105265617370605	ORPHA:1802	ORPHA:1802
9	0.21181589365005493	ORPHA:2040	ORPHA:2040
10	0.21315473318099976	ORPHA:720	ORPHA:720
