rank	score	disease_name	disease_identifier
1	0.1957874894142151	OMIM:300082	OMIM:300082
1	0.1957874894142151	OMIM:158280	OMIM:158280
3	0.20181703567504883	OMIM:139630	OMIM:139630
4	0.2044190764427185	OMIM:127800	OMIM:127800
5	0.20495998859405518	OMIM:425500	OMIM:425500
6	0.20585763454437256	ORPHA:720	ORPHA:720
7	0.20599418878555298	OMIM:107700	OMIM:107700
8	0.2086474895477295	OMIM:613949	OMIM:613949
9	0.20931750535964966	OMIM:208158	OMIM:208158
10	0.21035033464431763	OMIM:159580	OMIM:159580
