rank	score	disease_name	disease_identifier
1	0.20900195837020874	OMIM:425500	OMIM:425500
2	0.21395659446716309	OMIM:300082	OMIM:300082
2	0.21395659446716309	OMIM:158280	OMIM:158280
4	0.21690577268600464	OMIM:139630	OMIM:139630
5	0.21732276678085327	ORPHA:2040	ORPHA:2040
6	0.22055542469024658	OMIM:613949	OMIM:613949
7	0.22179728746414185	ORPHA:720	ORPHA:720
8	0.22212457656860352	OMIM:107700	OMIM:107700
9	0.2223568558692932	OMIM:306300	OMIM:306300
10	0.2234727144241333	ORPHA:141091	ORPHA:141091
