rank	score	disease_name	disease_identifier
1	0.20511573553085327	OMIM:300082	OMIM:300082
1	0.20511573553085327	OMIM:158280	OMIM:158280
3	0.20834094285964966	OMIM:425500	OMIM:425500
4	0.2118995189666748	OMIM:139630	OMIM:139630
5	0.2162204384803772	OMIM:107700	OMIM:107700
6	0.21640723943710327	ORPHA:720	ORPHA:720
7	0.2182788848876953	OMIM:127800	OMIM:127800
8	0.21925848722457886	ORPHA:2456	ORPHA:2456
9	0.2193177342414856	ORPHA:71276	ORPHA:71276
10	0.21951723098754883	OMIM:306300	OMIM:306300
