rank	score	disease_name	disease_identifier
1	0.1683640480041504	ORPHA:231393	ORPHA:231393
2	0.17387568950653076	OMIM:615193	OMIM:615193
3	0.1739487648010254	OMIM:187800	OMIM:187800
4	0.1759623885154724	OMIM:273900	OMIM:273900
5	0.17816483974456787	OMIM:604498	OMIM:604498
6	0.17836910486221313	OMIM:619271	OMIM:619271
7	0.17891240119934082	OMIM:619130	OMIM:619130
8	0.18329578638076782	ORPHA:88	ORPHA:88
9	0.18379616737365723	ORPHA:721	ORPHA:721
10	0.18440651893615723	ORPHA:318	ORPHA:318
