rank	score	disease_name	disease_identifier
1	0.2083401083946228	OMIM:425500	OMIM:425500
2	0.21533823013305664	OMIM:208158	OMIM:208158
3	0.2159547209739685	OMIM:139630	OMIM:139630
4	0.21797078847885132	OMIM:300082	OMIM:300082
4	0.21797078847885132	OMIM:158280	OMIM:158280
6	0.22230935096740723	ORPHA:720	ORPHA:720
7	0.2232329249382019	OMIM:127800	OMIM:127800
8	0.22483867406845093	ORPHA:1509	ORPHA:1509
9	0.2254389524459839	ORPHA:168	ORPHA:168
10	0.22617721557617188	ORPHA:1447	ORPHA:1447
