rank	score	disease_name	disease_identifier
1	0.16805708408355713	ORPHA:1661	ORPHA:1661
2	0.17546474933624268	ORPHA:71276	ORPHA:71276
3	0.17600995302200317	ORPHA:2989	ORPHA:2989
4	0.1761299967765808	OMIM:609257	OMIM:609257
4	0.1761299967765808	OMIM:609258	OMIM:609258
4	0.1761299967765808	OMIM:609259	OMIM:609259
7	0.1776515245437622	ORPHA:83461	ORPHA:83461
8	0.18056005239486694	ORPHA:75374	ORPHA:75374
9	0.18227046728134155	ORPHA:1377	ORPHA:1377
10	0.18608099222183228	OMIM:613100	OMIM:613100
