rank	score	disease_name	disease_identifier
1	0.20819926261901855	OMIM:139630	OMIM:139630
2	0.21037036180496216	OMIM:107700	OMIM:107700
3	0.21146899461746216	ORPHA:93302	ORPHA:93302
4	0.21170127391815186	ORPHA:2285	ORPHA:2285
5	0.21296566724777222	ORPHA:2777	ORPHA:2777
6	0.2129967212677002	ORPHA:35093	ORPHA:35093
7	0.21435201168060303	ORPHA:1802	ORPHA:1802
8	0.21447330713272095	ORPHA:93304	ORPHA:93304
9	0.21557557582855225	OMIM:613949	OMIM:613949
10	0.2156839370727539	ORPHA:141091	ORPHA:141091
