rank	score	disease_name	disease_identifier
1	0.20647698640823364	DECIPHER:85	DECIPHER:85
2	0.2121618390083313	DECIPHER:92	DECIPHER:92
3	0.21452099084854126	DECIPHER:43	DECIPHER:43
4	0.22009527683258057	OMIM:300082	OMIM:300082
4	0.22009527683258057	OMIM:158280	OMIM:158280
6	0.22078412771224976	OMIM:300218	OMIM:300218
6	0.22078412771224976	OMIM:300709	OMIM:300709
6	0.22078412771224976	OMIM:300262	OMIM:300262
6	0.22078412771224976	OMIM:277990	OMIM:277990
10	0.22171956300735474	ORPHA:226	ORPHA:226
