rank	score	disease_name	disease_identifier
1	0.16406410932540894	DECIPHER:85	DECIPHER:85
2	0.1722152829170227	DECIPHER:92	DECIPHER:92
3	0.17250686883926392	OMIM:300218	OMIM:300218
3	0.17250686883926392	OMIM:300709	OMIM:300709
3	0.17250686883926392	OMIM:300262	OMIM:300262
3	0.17250686883926392	OMIM:277990	OMIM:277990
7	0.1788843870162964	DECIPHER:43	DECIPHER:43
8	0.18051105737686157	DECIPHER:62	DECIPHER:62
9	0.18306005001068115	ORPHA:226	ORPHA:226
10	0.18565285205841064	DECIPHER:67	DECIPHER:67
