rank	score	disease_name	disease_identifier
1	0.16093093156814575	ORPHA:231242	ORPHA:231242
2	0.16219568252563477	ORPHA:231237	ORPHA:231237
3	0.16962188482284546	ORPHA:231393	ORPHA:231393
4	0.17565304040908813	ORPHA:318	ORPHA:318
5	0.17785429954528809	OMIM:616649	OMIM:616649
6	0.17913401126861572	ORPHA:3203	ORPHA:3203
7	0.1791917085647583	ORPHA:766	ORPHA:766
8	0.1795390248298645	OMIM:612690	OMIM:612690
9	0.17971909046173096	OMIM:612653	OMIM:612653
10	0.1806873083114624	OMIM:609135	OMIM:609135
