rank	score	disease_name	disease_identifier
1	0.19331562519073486	ORPHA:218	ORPHA:218
2	0.19525015354156494	ORPHA:867	ORPHA:867
3	0.19600343704223633	ORPHA:41	ORPHA:41
4	0.19744908809661865	ORPHA:211	ORPHA:211
5	0.1992911696434021	ORPHA:493	ORPHA:493
6	0.19996732473373413	ORPHA:464318	ORPHA:464318
7	0.20051151514053345	ORPHA:840	ORPHA:840
8	0.20054447650909424	ORPHA:315	ORPHA:315
9	0.20081055164337158	ORPHA:99969	ORPHA:99969
10	0.20375484228134155	ORPHA:95429	ORPHA:95429
