rank	score	disease_name	disease_identifier
1	0.1976158618927002	OMIM:425500	OMIM:425500
2	0.19882982969284058	ORPHA:71276	ORPHA:71276
3	0.2024732232093811	ORPHA:83461	ORPHA:83461
4	0.20425927639007568	OMIM:139630	OMIM:139630
5	0.20547229051589966	ORPHA:2989	ORPHA:2989
6	0.20637774467468262	ORPHA:3034	ORPHA:3034
7	0.2065635323524475	ORPHA:2717	ORPHA:2717
8	0.20785021781921387	ORPHA:141091	ORPHA:141091
9	0.20804286003112793	ORPHA:2695	ORPHA:2695
10	0.20884573459625244	ORPHA:1134	ORPHA:1134
