rank	score	disease_name	disease_identifier
1	0.2027762532234192	OMIM:425500	OMIM:425500
2	0.20634597539901733	OMIM:107700	OMIM:107700
3	0.2063533067703247	OMIM:300082	OMIM:300082
3	0.2063533067703247	OMIM:158280	OMIM:158280
5	0.2070956826210022	OMIM:139630	OMIM:139630
6	0.20803040266036987	ORPHA:2040	ORPHA:2040
7	0.21226876974105835	ORPHA:48372	ORPHA:48372
8	0.2128976583480835	ORPHA:720	ORPHA:720
9	0.21393078565597534	OMIM:306300	OMIM:306300
10	0.21476054191589355	ORPHA:1195	ORPHA:1195
