rank	score	disease_name	disease_identifier
1	0.17714017629623413	ORPHA:859	ORPHA:859
2	0.17808771133422852	OMIM:614128	OMIM:614128
3	0.1789420247077942	OMIM:613949	OMIM:613949
4	0.1805916428565979	ORPHA:86788	ORPHA:86788
5	0.18419140577316284	OMIM:267500	OMIM:267500
6	0.1855001449584961	OMIM:609135	OMIM:609135
7	0.186443030834198	OMIM:613825	OMIM:613825
8	0.1867835521697998	OMIM:515000	OMIM:515000
9	0.18882125616073608	ORPHA:318	ORPHA:318
10	0.18956726789474487	OMIM:606843	OMIM:606843
