rank	score	disease_name	disease_identifier
1	0.2088070511817932	OMIM:190420	OMIM:190420
2	0.21422874927520752	ORPHA:293	ORPHA:293
3	0.21455073356628418	ORPHA:35093	ORPHA:35093
4	0.2145971655845642	OMIM:139630	OMIM:139630
5	0.21474868059158325	OMIM:127800	OMIM:127800
6	0.21481668949127197	DECIPHER:21	DECIPHER:21
7	0.21662813425064087	OMIM:208158	OMIM:208158
8	0.2170957326889038	OMIM:610187	OMIM:610187
9	0.2182369828224182	ORPHA:3034	ORPHA:3034
10	0.2186679244041443	ORPHA:2285	ORPHA:2285
