rank	score	disease_name	disease_identifier
1	0.2040008306503296	OMIM:300082	OMIM:300082
1	0.2040008306503296	OMIM:158280	OMIM:158280
3	0.20433801412582397	OMIM:107700	OMIM:107700
4	0.20468872785568237	OMIM:139630	OMIM:139630
5	0.20477735996246338	OMIM:602197	OMIM:602197
6	0.2061893343925476	OMIM:613949	OMIM:613949
7	0.20803552865982056	OMIM:127800	OMIM:127800
8	0.20865929126739502	ORPHA:2040	ORPHA:2040
9	0.20899295806884766	ORPHA:105	ORPHA:105
10	0.20906007289886475	ORPHA:2838	ORPHA:2838
