rank	score	disease_name	disease_identifier
1	0.1946468949317932	OMIM:139630	OMIM:139630
2	0.20121312141418457	ORPHA:720	ORPHA:720
3	0.20718461275100708	ORPHA:71276	ORPHA:71276
4	0.2074747085571289	ORPHA:168	ORPHA:168
5	0.2075786590576172	OMIM:425500	OMIM:425500
6	0.20806336402893066	ORPHA:50942	ORPHA:50942
7	0.20935171842575073	OMIM:300082	OMIM:300082
7	0.20935171842575073	OMIM:158280	OMIM:158280
9	0.21350377798080444	ORPHA:169	ORPHA:169
10	0.21355444192886353	ORPHA:2017	ORPHA:2017
