rank	score	disease_name	disease_identifier
1	0.13631397485733032	ORPHA:931	ORPHA:931
2	0.14547914266586304	ORPHA:2497	ORPHA:2497
3	0.14612966775894165	OMIM:200500	OMIM:200500
4	0.14664119482040405	OMIM:619598	OMIM:619598
5	0.14707326889038086	ORPHA:1447	ORPHA:1447
6	0.14881443977355957	ORPHA:988	ORPHA:988
7	0.1499236822128296	ORPHA:1122	ORPHA:1122
8	0.1502366065979004	ORPHA:2019	ORPHA:2019
9	0.15083062648773193	ORPHA:1986	ORPHA:1986
10	0.15222269296646118	ORPHA:1509	ORPHA:1509
