rank	score	disease_name	disease_identifier
1	0.1963706612586975	OMIM:610187	OMIM:610187
2	0.20691025257110596	OMIM:269160	OMIM:269160
3	0.21086841821670532	ORPHA:293	ORPHA:293
4	0.2128903865814209	OMIM:107700	OMIM:107700
5	0.21325623989105225	ORPHA:329228	ORPHA:329228
6	0.21377623081207275	OMIM:425500	OMIM:425500
7	0.21411210298538208	OMIM:190420	OMIM:190420
8	0.21443802118301392	ORPHA:2368	ORPHA:2368
9	0.21447598934173584	OMIM:208158	OMIM:208158
10	0.215279221534729	OMIM:139630	OMIM:139630
