rank	score	disease_name	disease_identifier
1	0.18039816617965698	ORPHA:1872	ORPHA:1872
2	0.18422549962997437	OMIM:203340	OMIM:203340
3	0.18572759628295898	ORPHA:1661	ORPHA:1661
4	0.1859760284423828	ORPHA:180	ORPHA:180
5	0.18759047985076904	ORPHA:2989	ORPHA:2989
6	0.18788892030715942	ORPHA:71276	ORPHA:71276
7	0.18790507316589355	OMIM:611543	OMIM:611543
8	0.1908789873123169	ORPHA:99000	ORPHA:99000
9	0.19249510765075684	ORPHA:79478	ORPHA:79478
10	0.19390606880187988	OMIM:610282	OMIM:610282
