rank	score	disease_name	disease_identifier
1	0.19646263122558594	OMIM:139630	OMIM:139630
2	0.2040928602218628	ORPHA:720	ORPHA:720
3	0.20532840490341187	OMIM:425500	OMIM:425500
4	0.2069690227508545	ORPHA:168	ORPHA:168
5	0.2078644037246704	ORPHA:2730	ORPHA:2730
6	0.20807844400405884	ORPHA:1447	ORPHA:1447
7	0.20864921808242798	ORPHA:93321	ORPHA:93321
8	0.2088397741317749	ORPHA:973	ORPHA:973
9	0.2094232439994812	ORPHA:1077	ORPHA:1077
10	0.20958811044692993	ORPHA:1278	ORPHA:1278
