rank	score	disease_name	disease_identifier
1	0.2124389410018921	OMIM:300082	OMIM:300082
1	0.2124389410018921	OMIM:158280	OMIM:158280
3	0.21260976791381836	ORPHA:208513	ORPHA:208513
4	0.2132558822631836	OMIM:613933	OMIM:613933
5	0.213401198387146	DECIPHER:85	DECIPHER:85
6	0.21385759115219116	OMIM:209100	OMIM:209100
7	0.2153046727180481	ORPHA:1429	ORPHA:1429
8	0.21587729454040527	DECIPHER:92	DECIPHER:92
9	0.21648937463760376	DECIPHER:31	DECIPHER:31
10	0.21660810708999634	OMIM:302600	OMIM:302600
