rank	score	disease_name	disease_identifier
1	0.14743304252624512	ORPHA:973	ORPHA:973
2	0.15688538551330566	ORPHA:85169	ORPHA:85169
3	0.16311269998550415	ORPHA:93396	ORPHA:93396
4	0.1631869673728943	ORPHA:1122	ORPHA:1122
5	0.16375070810317993	ORPHA:931	ORPHA:931
6	0.16466063261032104	ORPHA:2730	ORPHA:2730
7	0.16485631465911865	ORPHA:93409	ORPHA:93409
8	0.16556978225708008	ORPHA:2150	ORPHA:2150
9	0.16600489616394043	OMIM:200500	OMIM:200500
10	0.16636717319488525	ORPHA:1447	ORPHA:1447
