rank	score	disease_name	disease_identifier
1	0.18601858615875244	DECIPHER:85	DECIPHER:85
2	0.18651390075683594	OMIM:300082	OMIM:300082
2	0.18651390075683594	OMIM:158280	OMIM:158280
4	0.19087475538253784	ORPHA:2149	ORPHA:2149
5	0.1947462558746338	ORPHA:46348	ORPHA:46348
6	0.19635999202728271	DECIPHER:43	DECIPHER:43
7	0.19753724336624146	DECIPHER:74	DECIPHER:74
8	0.19794833660125732	ORPHA:2798	ORPHA:2798
9	0.1983625292778015	DECIPHER:92	DECIPHER:92
10	0.2004403175222702	ORPHA:1799	ORPHA:1799
