rank	score	disease_name	disease_identifier
1	0.19764477014541626	OMIM:614492	OMIM:614492
2	0.19874072074890137	OMIM:614491	OMIM:614491
3	0.1997208595275879	ORPHA:42062	ORPHA:42062
4	0.2003762125968933	OMIM:614496	OMIM:614496
5	0.2013556957244873	OMIM:300971	OMIM:300971
6	0.2019200325012207	ORPHA:214	ORPHA:214
7	0.202589750289917	OMIM:618126	OMIM:618126
8	0.2033684253692627	ORPHA:2843	ORPHA:2843
9	0.20389455556869507	ORPHA:2056	ORPHA:2056
10	0.20394879579544067	OMIM:203330	OMIM:203330
