rank	score	disease_name	disease_identifier
1	0.1946006417274475	OMIM:614128	OMIM:614128
2	0.19923406839370728	OMIM:614028	OMIM:614028
3	0.19937080144882202	ORPHA:2056	ORPHA:2056
4	0.19978612661361694	ORPHA:2843	ORPHA:2843
5	0.1997910737991333	ORPHA:42062	ORPHA:42062
6	0.20307928323745728	ORPHA:79506	ORPHA:79506
7	0.20484232902526855	OMIM:619324	OMIM:619324
8	0.2049359679222107	OMIM:620364	OMIM:620364
9	0.20660531520843506	OMIM:616829	OMIM:616829
10	0.20728397369384766	OMIM:605814	OMIM:605814
