rank	score	disease_name	disease_identifier
1	0.15469002723693848	OMIM:425500	OMIM:425500
2	0.18628841638565063	OMIM:123557	OMIM:123557
3	0.19107484817504883	OMIM:139630	OMIM:139630
4	0.19645214080810547	ORPHA:3232	ORPHA:3232
5	0.19665563106536865	ORPHA:168	ORPHA:168
6	0.1985940933227539	ORPHA:79492	ORPHA:79492
7	0.2017766237258911	OMIM:155980	OMIM:155980
8	0.20311802625656128	ORPHA:401942	ORPHA:401942
9	0.20317405462265015	OMIM:615979	OMIM:615979
10	0.20338231325149536	ORPHA:3034	ORPHA:3034
