rank	score	disease_name	disease_identifier
1	0.1714777946472168	ORPHA:280794	ORPHA:280794
2	0.17976194620132446	ORPHA:2841	ORPHA:2841
3	0.18014401197433472	ORPHA:157997	ORPHA:157997
4	0.1831749677658081	ORPHA:2337	ORPHA:2337
5	0.18368005752563477	ORPHA:222	ORPHA:222
6	0.18558979034423828	ORPHA:455	ORPHA:455
7	0.1867641806602478	ORPHA:79481	ORPHA:79481
8	0.1882539987564087	ORPHA:231568	ORPHA:231568
9	0.18847370147705078	ORPHA:840	ORPHA:840
10	0.18902820348739624	ORPHA:867	ORPHA:867
