rank	score	disease_name	disease_identifier
1	0.17162692546844482	ORPHA:931	ORPHA:931
2	0.1774957776069641	ORPHA:1509	ORPHA:1509
3	0.17805737257003784	OMIM:619598	OMIM:619598
4	0.17878419160842896	OMIM:200500	OMIM:200500
5	0.1822829246520996	ORPHA:1122	ORPHA:1122
6	0.1825234293937683	ORPHA:1986	ORPHA:1986
7	0.1832677721977234	ORPHA:1447	ORPHA:1447
8	0.18366116285324097	ORPHA:2019	ORPHA:2019
9	0.18424451351165771	ORPHA:2497	ORPHA:2497
10	0.18465125560760498	ORPHA:2768	ORPHA:2768
