rank	score	disease_name	disease_identifier
1	0.19840097427368164	OMIM:139630	OMIM:139630
2	0.2015308141708374	ORPHA:1509	ORPHA:1509
3	0.2061644196510315	ORPHA:67041	ORPHA:67041
4	0.20616614818572998	OMIM:619598	OMIM:619598
5	0.20656263828277588	ORPHA:720	ORPHA:720
6	0.208074152469635	ORPHA:931	ORPHA:931
7	0.2083137035369873	ORPHA:1802	ORPHA:1802
8	0.20914775133132935	OMIM:613342	OMIM:613342
9	0.20998066663742065	ORPHA:3034	ORPHA:3034
10	0.2100542187690735	OMIM:127800	OMIM:127800
