rank	score	disease_name	disease_identifier
1	0.19142663478851318	OMIM:425500	OMIM:425500
2	0.2119462490081787	ORPHA:71276	ORPHA:71276
3	0.21414470672607422	OMIM:139630	OMIM:139630
4	0.21418756246566772	ORPHA:2730	ORPHA:2730
5	0.21489983797073364	OMIM:300082	OMIM:300082
5	0.21489983797073364	OMIM:158280	OMIM:158280
7	0.2149829864501953	ORPHA:2564	ORPHA:2564
8	0.21558719873428345	ORPHA:168	ORPHA:168
9	0.2162911295890808	ORPHA:83461	ORPHA:83461
10	0.2167988419532776	OMIM:608565	OMIM:608565
