rank	score	disease_name	disease_identifier
1	0.18999916315078735	OMIM:139630	OMIM:139630
2	0.19915181398391724	ORPHA:720	ORPHA:720
3	0.2028101086616516	ORPHA:168	ORPHA:168
4	0.2044796347618103	OMIM:425500	OMIM:425500
5	0.20860064029693604	ORPHA:2017	ORPHA:2017
6	0.20868003368377686	ORPHA:50942	ORPHA:50942
7	0.20902109146118164	ORPHA:79492	ORPHA:79492
8	0.2106800079345703	ORPHA:71276	ORPHA:71276
9	0.21207594871520996	ORPHA:169	ORPHA:169
10	0.2129613161087036	OMIM:158280	OMIM:158280
