rank	score	disease_name	disease_identifier
1	0.19813179969787598	OMIM:300082	OMIM:300082
1	0.19813179969787598	OMIM:158280	OMIM:158280
3	0.20078760385513306	OMIM:425500	OMIM:425500
4	0.2033611536026001	OMIM:139630	OMIM:139630
5	0.2089272141456604	ORPHA:720	ORPHA:720
6	0.21004897356033325	ORPHA:71276	ORPHA:71276
7	0.2125072479248047	ORPHA:3057	ORPHA:3057
8	0.2130306363105774	OMIM:107700	OMIM:107700
9	0.2142067551612854	ORPHA:168	ORPHA:168
10	0.21639317274093628	OMIM:613949	OMIM:613949
