rank	score	disease_name	disease_identifier
1	0.20875227451324463	OMIM:300082	OMIM:300082
1	0.20875227451324463	OMIM:158280	OMIM:158280
3	0.2109357714653015	OMIM:425500	OMIM:425500
4	0.21968543529510498	ORPHA:71276	ORPHA:71276
5	0.2227044701576233	OMIM:139630	OMIM:139630
6	0.2250990867614746	ORPHA:83461	ORPHA:83461
7	0.22526031732559204	ORPHA:2291	ORPHA:2291
8	0.22598999571139533	ORPHA:1799	ORPHA:1799
9	0.22644329071044922	ORPHA:720	ORPHA:720
10	0.22645723819732666	OMIM:107700	OMIM:107700
