rank	score	disease_name	disease_identifier
1	0.20403599739074707	OMIM:425500	OMIM:425500
2	0.20684659481048584	OMIM:139630	OMIM:139630
3	0.21057581901550293	ORPHA:83461	ORPHA:83461
4	0.2108270525932312	OMIM:300082	OMIM:300082
4	0.2108270525932312	OMIM:158280	OMIM:158280
6	0.21170270442962646	ORPHA:71276	ORPHA:71276
7	0.21257495880126953	OMIM:107700	OMIM:107700
8	0.21335244178771973	ORPHA:1681	ORPHA:1681
9	0.21371465921401978	ORPHA:168	ORPHA:168
10	0.21382009983062744	ORPHA:141091	ORPHA:141091
