rank	score	disease_name	disease_identifier
1	0.21391528844833374	OMIM:425500	OMIM:425500
2	0.2193913459777832	OMIM:190420	OMIM:190420
3	0.22101157903671265	OMIM:139630	OMIM:139630
4	0.22135186195373535	OMIM:613342	OMIM:613342
5	0.22171556949615479	ORPHA:71276	ORPHA:71276
6	0.22276431322097778	OMIM:300082	OMIM:300082
6	0.22276431322097778	OMIM:158280	OMIM:158280
8	0.22355127334594727	OMIM:127800	OMIM:127800
9	0.22424250841140747	ORPHA:83461	ORPHA:83461
10	0.22584402561187744	ORPHA:720	ORPHA:720
