rank	score	disease_name	disease_identifier
1	0.1989288330078125	OMIM:425500	OMIM:425500
2	0.20960396528244019	OMIM:139630	OMIM:139630
3	0.20964336395263672	OMIM:300082	OMIM:300082
3	0.20964336395263672	OMIM:158280	OMIM:158280
5	0.21151739358901978	ORPHA:83461	ORPHA:83461
6	0.2120116949081421	ORPHA:71276	ORPHA:71276
7	0.21424567699432373	OMIM:107700	OMIM:107700
8	0.21472853422164917	ORPHA:168	ORPHA:168
9	0.21481823921203613	ORPHA:2040	ORPHA:2040
10	0.2152327299118042	ORPHA:720	ORPHA:720
