rank	score	disease_name	disease_identifier
1	0.21445822715759277	ORPHA:48372	ORPHA:48372
2	0.21469825506210327	OMIM:107700	OMIM:107700
3	0.21576142311096191	OMIM:139630	OMIM:139630
4	0.2175632119178772	ORPHA:105	ORPHA:105
5	0.2180042862892151	ORPHA:2040	ORPHA:2040
6	0.2185937762260437	ORPHA:2838	ORPHA:2838
7	0.21988999843597412	OMIM:606963	OMIM:606963
8	0.22051721811294556	OMIM:425500	OMIM:425500
9	0.22167235612869263	OMIM:610187	OMIM:610187
10	0.22213315963745117	ORPHA:93930	ORPHA:93930
