rank	score	disease_name	disease_identifier
1	0.16966885328292847	OMIM:601941	OMIM:601941
1	0.16966885328292847	OMIM:601942	OMIM:601942
3	0.1804324984550476	OMIM:601666	OMIM:601666
4	0.18607723712921143	ORPHA:2843	ORPHA:2843
5	0.18634092807769775	DECIPHER:47	DECIPHER:47
6	0.19085931777954102	ORPHA:2056	ORPHA:2056
7	0.19119912385940552	OMIM:612520	OMIM:612520
8	0.19283044338226318	OMIM:616214	OMIM:616214
9	0.19901466369628906	OMIM:610021	OMIM:610021
10	0.2018338441848755	OMIM:222100	OMIM:222100
