rank	score	disease_name	disease_identifier
1	0.14971482753753662	ORPHA:701	ORPHA:701
2	0.1499733328819275	OMIM:139630	OMIM:139630
3	0.15609806776046753	ORPHA:700	ORPHA:700
4	0.15687310695648193	ORPHA:720	ORPHA:720
5	0.1590678095817566	ORPHA:55654	ORPHA:55654
6	0.16172075271606445	ORPHA:444	ORPHA:444
7	0.16623455286026	ORPHA:1808	ORPHA:1808
8	0.16646063327789307	ORPHA:169	ORPHA:169
9	0.16679894924163818	ORPHA:50942	ORPHA:50942
10	0.1681562066078186	OMIM:615059	OMIM:615059
