rank	score	disease_name	disease_identifier
1	0.1882476806640625	OMIM:613342	OMIM:613342
2	0.1900855302810669	OMIM:203760	OMIM:203760
3	0.1925937533378601	ORPHA:2564	ORPHA:2564
4	0.19492489099502563	ORPHA:1447	ORPHA:1447
5	0.19500482082366943	ORPHA:2730	ORPHA:2730
6	0.19675558805465698	OMIM:127800	OMIM:127800
7	0.20059990882873535	OMIM:610713	OMIM:610713
8	0.2016194462776184	ORPHA:973	ORPHA:973
9	0.20219385623931885	ORPHA:85169	ORPHA:85169
10	0.20290488004684448	OMIM:208158	OMIM:208158
