rank	score	disease_name	disease_identifier
1	0.1870945692062378	ORPHA:214	ORPHA:214
2	0.19620888392633984	ORPHA:93599	ORPHA:93599
3	0.19665300846099854	ORPHA:231237	ORPHA:231237
4	0.1968478560447693	OMIM:607832	OMIM:607832
5	0.19713836908340454	ORPHA:231393	ORPHA:231393
6	0.19787275791168213	ORPHA:2843	ORPHA:2843
7	0.1989864706993103	ORPHA:231242	ORPHA:231242
8	0.19909238815307617	ORPHA:42062	ORPHA:42062
9	0.1991184949874878	ORPHA:93600	ORPHA:93600
10	0.20097601413726807	ORPHA:655	ORPHA:655
