rank	score	disease_name	disease_identifier
1	0.20883995294570923	OMIM:614128	OMIM:614128
2	0.21057510375976562	ORPHA:35701	ORPHA:35701
3	0.21261614561080933	OMIM:300082	OMIM:300082
3	0.21261614561080933	OMIM:158280	OMIM:158280
5	0.21356093883514404	ORPHA:2843	ORPHA:2843
6	0.21538949012756348	ORPHA:2056	ORPHA:2056
7	0.2165854573249817	ORPHA:79246	ORPHA:79246
8	0.2210325002670288	OMIM:601941	OMIM:601941
8	0.2210325002670288	OMIM:601942	OMIM:601942
10	0.22228652238845825	ORPHA:32	ORPHA:32
