rank	score	disease_name	disease_identifier
1	0.19450253248214722	OMIM:139630	OMIM:139630
2	0.20241421461105347	ORPHA:720	ORPHA:720
3	0.20810645818710327	ORPHA:50942	ORPHA:50942
4	0.21023863554000854	OMIM:425500	OMIM:425500
5	0.212566077709198	ORPHA:90157	ORPHA:90157
6	0.21357178688049316	ORPHA:90160	ORPHA:90160
7	0.21367502212524414	OMIM:107700	OMIM:107700
8	0.21432000398635864	ORPHA:168	ORPHA:168
9	0.2147376537322998	ORPHA:169	ORPHA:169
10	0.21531438827514648	ORPHA:248	ORPHA:248
