rank	score	disease_name	disease_identifier
1	0.21423089504241943	OMIM:127800	OMIM:127800
2	0.21500569581985474	ORPHA:1509	ORPHA:1509
3	0.21731913089752197	ORPHA:57782	ORPHA:57782
4	0.2187570333480835	ORPHA:1802	ORPHA:1802
5	0.21889019012451172	OMIM:619598	OMIM:619598
6	0.2192191481590271	ORPHA:53697	ORPHA:53697
7	0.22051161527633667	ORPHA:2777	ORPHA:2777
8	0.2205464243888855	ORPHA:93304	ORPHA:93304
9	0.2208593487739563	OMIM:208158	OMIM:208158
10	0.22109681367874146	OMIM:262650	OMIM:262650
