rank	score	disease_name	disease_identifier
1	0.1901344656944275	OMIM:425500	OMIM:425500
2	0.20052969455718994	OMIM:300082	OMIM:300082
2	0.20052969455718994	OMIM:158280	OMIM:158280
4	0.20611554384231567	OMIM:139630	OMIM:139630
5	0.21109241247177124	ORPHA:71276	ORPHA:71276
6	0.21223437786102295	OMIM:107700	OMIM:107700
7	0.2128293514251709	ORPHA:720	ORPHA:720
8	0.214433491230011	ORPHA:1681	ORPHA:1681
9	0.21465522050857544	ORPHA:83461	ORPHA:83461
10	0.21538013219833374	ORPHA:168	ORPHA:168
