rank	score	disease_name	disease_identifier
1	0.19286024570465088	OMIM:425500	OMIM:425500
2	0.19942325353622437	OMIM:139630	OMIM:139630
3	0.20449227094650269	ORPHA:71276	ORPHA:71276
4	0.20507872104644775	OMIM:300082	OMIM:300082
4	0.20507872104644775	OMIM:158280	OMIM:158280
6	0.20676463842391968	ORPHA:720	ORPHA:720
7	0.21080762147903442	ORPHA:168	ORPHA:168
8	0.21232914924621582	ORPHA:2017	ORPHA:2017
9	0.21383458375930786	ORPHA:2989	ORPHA:2989
10	0.21408969163894653	OMIM:107700	OMIM:107700
