rank	score	disease_name	disease_identifier
1	0.18686991930007935	OMIM:425500	OMIM:425500
2	0.19528043270111084	OMIM:300082	OMIM:300082
2	0.19528043270111084	OMIM:158280	OMIM:158280
4	0.20048093795776367	OMIM:139630	OMIM:139630
5	0.2057468295097351	OMIM:107700	OMIM:107700
6	0.2063007354736328	ORPHA:720	ORPHA:720
7	0.20708328485488892	ORPHA:71276	ORPHA:71276
8	0.21000593900680542	ORPHA:2456	ORPHA:2456
9	0.21026533842086792	ORPHA:2040	ORPHA:2040
10	0.21084064245224	ORPHA:2838	ORPHA:2838
