rank	score	disease_name	disease_identifier
1	0.17252612113952637	OMIM:300082	OMIM:300082
1	0.17252612113952637	OMIM:158280	OMIM:158280
3	0.1757451295852661	DECIPHER:85	DECIPHER:85
4	0.17974478006362915	OMIM:425500	OMIM:425500
5	0.1823127269744873	ORPHA:3057	ORPHA:3057
6	0.18473470211029053	ORPHA:851	ORPHA:851
7	0.18867599964141846	ORPHA:85295	ORPHA:85295
8	0.18899136781692505	DECIPHER:92	DECIPHER:92
9	0.18906432390213013	DECIPHER:43	DECIPHER:43
10	0.19122809171676636	DECIPHER:67	DECIPHER:67
