rank	score	disease_name	disease_identifier
1	0.20688551664352417	OMIM:300082	OMIM:300082
1	0.20688551664352417	OMIM:158280	OMIM:158280
3	0.21204572916030884	ORPHA:238606	ORPHA:238606
4	0.21266597509384155	ORPHA:614	ORPHA:614
5	0.21644550561904907	ORPHA:46348	ORPHA:46348
6	0.21663057804107666	ORPHA:65684	ORPHA:65684
7	0.21727943420410156	DECIPHER:31	DECIPHER:31
8	0.21772277355194092	ORPHA:35701	ORPHA:35701
9	0.21875989437103271	ORPHA:1429	ORPHA:1429
10	0.21900784969329834	ORPHA:371	ORPHA:371
