rank	score	disease_name	disease_identifier
1	0.21191143989562988	OMIM:614128	OMIM:614128
2	0.21894168853759766	OMIM:300082	OMIM:300082
2	0.21894168853759766	OMIM:158280	OMIM:158280
4	0.21906530857086182	ORPHA:2056	ORPHA:2056
5	0.21995234489440918	ORPHA:371	ORPHA:371
6	0.22048258781433105	ORPHA:2843	ORPHA:2843
7	0.22098982334136963	ORPHA:79246	ORPHA:79246
8	0.2210841178894043	ORPHA:35701	ORPHA:35701
9	0.22291487455368042	ORPHA:45	ORPHA:45
10	0.2230420708656311	ORPHA:88635	ORPHA:88635
