rank	score	disease_name	disease_identifier
1	0.21148884296417236	OMIM:300082	OMIM:300082
1	0.21148884296417236	OMIM:158280	OMIM:158280
3	0.21602171659469604	ORPHA:614	ORPHA:614
4	0.216569185256958	DECIPHER:31	DECIPHER:31
5	0.21690350770950317	ORPHA:238606	ORPHA:238606
6	0.21750366687774658	ORPHA:35701	ORPHA:35701
7	0.21834796667099	OMIM:614128	OMIM:614128
8	0.22046107053756714	ORPHA:371	ORPHA:371
9	0.2219843864440918	ORPHA:46348	ORPHA:46348
10	0.22213101387023926	ORPHA:526	ORPHA:526
