rank	score	disease_name	disease_identifier
1	0.21080386638641357	OMIM:300082	OMIM:300082
1	0.21080386638641357	OMIM:158280	OMIM:158280
3	0.2180919051170349	ORPHA:35701	ORPHA:35701
4	0.21988064050674438	ORPHA:46348	ORPHA:46348
5	0.22335392236709595	ORPHA:2149	ORPHA:2149
6	0.22512298822402954	DECIPHER:74	DECIPHER:74
7	0.22550076246261597	DECIPHER:31	DECIPHER:31
8	0.2256174087524414	ORPHA:238606	ORPHA:238606
9	0.22642171382904053	OMIM:425500	OMIM:425500
10	0.22703546285629272	ORPHA:614	ORPHA:614
