rank	score	disease_name	disease_identifier
1	0.20223253965377808	OMIM:614128	OMIM:614128
2	0.20845162868499756	ORPHA:2056	ORPHA:2056
3	0.20845246315002441	OMIM:601941	OMIM:601941
3	0.20845246315002441	OMIM:601942	OMIM:601942
5	0.208745539188385	ORPHA:2843	ORPHA:2843
6	0.21116256713867188	ORPHA:79246	ORPHA:79246
7	0.21153700351715088	ORPHA:35701	ORPHA:35701
8	0.214042067527771	OMIM:615751	OMIM:615751
9	0.21497535705566406	OMIM:300082	OMIM:300082
9	0.21497535705566406	OMIM:158280	OMIM:158280
