rank	score	disease_name	disease_identifier
1	0.1819705367088318	OMIM:300082	OMIM:300082
1	0.1819705367088318	OMIM:158280	OMIM:158280
3	0.19989007711410522	ORPHA:238606	ORPHA:238606
4	0.20110565423965454	ORPHA:1429	ORPHA:1429
5	0.20283997058868408	ORPHA:256	ORPHA:256
6	0.2060718536376953	ORPHA:65684	ORPHA:65684
7	0.20644915103912354	ORPHA:71519	ORPHA:71519
8	0.2071843147277832	ORPHA:98766	ORPHA:98766
9	0.20826643705368042	OMIM:159580	OMIM:159580
10	0.2084478735923767	DECIPHER:31	DECIPHER:31
