rank	score	disease_name	disease_identifier
1	0.18838447332382202	OMIM:400004	OMIM:400004
2	0.19255846738815308	OMIM:203340	OMIM:203340
3	0.19440573453903198	ORPHA:1661	ORPHA:1661
4	0.1955505609512329	ORPHA:83461	ORPHA:83461
5	0.19719821214675903	ORPHA:71276	ORPHA:71276
6	0.197262704372406	ORPHA:2989	ORPHA:2989
7	0.197948157787323	ORPHA:1872	ORPHA:1872
8	0.19802433252334595	ORPHA:180	ORPHA:180
9	0.19941240549087524	ORPHA:1852	ORPHA:1852
10	0.19980686902999878	OMIM:613757	OMIM:613757
