rank	score	disease_name	disease_identifier
1	0.21099060773849487	OMIM:425500	OMIM:425500
2	0.21426624059677124	OMIM:139630	OMIM:139630
3	0.2222379446029663	ORPHA:2564	ORPHA:2564
4	0.2228611707687378	ORPHA:720	ORPHA:720
5	0.22386610507965088	ORPHA:1122	ORPHA:1122
6	0.22437870502471924	ORPHA:1447	ORPHA:1447
7	0.22439521551132202	ORPHA:83463	ORPHA:83463
8	0.22546660900115967	ORPHA:2730	ORPHA:2730
9	0.22566264867782593	ORPHA:168	ORPHA:168
10	0.22692662477493286	ORPHA:1509	ORPHA:1509
