rank	score	disease_name	disease_identifier
1	0.2008724808692932	OMIM:139630	OMIM:139630
2	0.20814847946166992	ORPHA:720	ORPHA:720
3	0.20878803730010986	ORPHA:2695	ORPHA:2695
4	0.21091711521148682	OMIM:425500	OMIM:425500
5	0.2110905647277832	ORPHA:2025	ORPHA:2025
6	0.2124459147453308	ORPHA:1200	ORPHA:1200
7	0.21266907453536987	ORPHA:3034	ORPHA:3034
8	0.21282625198364258	ORPHA:1193	ORPHA:1193
9	0.21300208568572998	ORPHA:168	ORPHA:168
10	0.2138535976409912	OMIM:615979	OMIM:615979
