rank	score	disease_name	disease_identifier
1	0.20518511533737183	ORPHA:2695	ORPHA:2695
2	0.2069959044456482	OMIM:139630	OMIM:139630
3	0.20914226770401	ORPHA:2287	ORPHA:2287
4	0.20943087339401245	ORPHA:1200	ORPHA:1200
5	0.20991140604019165	ORPHA:2025	ORPHA:2025
6	0.21002709865570068	ORPHA:477781	ORPHA:477781
7	0.21055418252944946	ORPHA:71276	ORPHA:71276
8	0.2111007571220398	OMIM:425500	OMIM:425500
9	0.21130913496017456	ORPHA:2007	ORPHA:2007
10	0.21155941486358643	ORPHA:3034	ORPHA:3034
