rank	score	disease_name	disease_identifier
1	0.21475142240524292	OMIM:425500	OMIM:425500
2	0.21654361486434937	ORPHA:35093	ORPHA:35093
3	0.21723592281341553	ORPHA:3034	ORPHA:3034
4	0.2180348038673401	ORPHA:2695	ORPHA:2695
5	0.21877402067184448	DECIPHER:21	DECIPHER:21
6	0.22073489427566528	ORPHA:71276	ORPHA:71276
7	0.22085559368133545	OMIM:615979	OMIM:615979
8	0.2215886116027832	ORPHA:141091	ORPHA:141091
9	0.22180324792861938	ORPHA:3074	ORPHA:3074
10	0.22189128398895264	ORPHA:1437	ORPHA:1437
