rank	score	disease_name	disease_identifier
1	0.1753450632095337	ORPHA:931	ORPHA:931
2	0.1768895983695984	ORPHA:1509	ORPHA:1509
3	0.17937880754470825	OMIM:619598	OMIM:619598
4	0.18051034212112427	ORPHA:1122	ORPHA:1122
5	0.18226110935211182	ORPHA:1447	ORPHA:1447
6	0.18360739946365356	ORPHA:973	ORPHA:973
7	0.18361997604370117	OMIM:200500	OMIM:200500
8	0.18456614017486572	ORPHA:1986	ORPHA:1986
9	0.18626314401626587	ORPHA:93321	ORPHA:93321
10	0.18683189153671265	ORPHA:988	ORPHA:988
