rank	score	disease_name	disease_identifier
1	0.1897384524345398	ORPHA:1802	ORPHA:1802
2	0.19300872087478638	ORPHA:57782	ORPHA:57782
3	0.19345247745513916	OMIM:139630	OMIM:139630
4	0.1935017704963684	ORPHA:2777	ORPHA:2777
5	0.19589459896087646	ORPHA:50809	ORPHA:50809
6	0.19609040021896362	OMIM:127800	OMIM:127800
7	0.19646382331848145	ORPHA:1509	ORPHA:1509
8	0.19719702005386353	ORPHA:53697	ORPHA:53697
9	0.19732731580734253	ORPHA:85197	ORPHA:85197
10	0.19738280773162842	ORPHA:2768	ORPHA:2768
