rank	score	disease_name	disease_identifier
1	0.16200995445251465	ORPHA:231242	ORPHA:231242
2	0.16671216487884521	ORPHA:231237	ORPHA:231237
3	0.1709612011909485	ORPHA:231393	ORPHA:231393
4	0.17608481645584106	ORPHA:46532	ORPHA:46532
5	0.17854458093643188	OMIM:613949	OMIM:613949
6	0.18038994073867798	ORPHA:318	ORPHA:318
7	0.1813778281211853	ORPHA:766	ORPHA:766
8	0.1813843846321106	OMIM:179700	OMIM:179700
9	0.18141716718673706	OMIM:603529	OMIM:603529
10	0.18245965242385864	ORPHA:48372	ORPHA:48372
