rank	score	disease_name	disease_identifier
1	0.19854432344436646	ORPHA:1447	ORPHA:1447
2	0.2013344168663025	ORPHA:931	ORPHA:931
3	0.20149534940719604	ORPHA:1122	ORPHA:1122
4	0.2016802430152893	ORPHA:2564	ORPHA:2564
5	0.2019687294960022	OMIM:613342	OMIM:613342
6	0.20417004823684692	OMIM:619598	OMIM:619598
7	0.2044549584388733	OMIM:200500	OMIM:200500
8	0.2050907015800476	ORPHA:2019	ORPHA:2019
9	0.20556312799453735	ORPHA:1118	ORPHA:1118
10	0.20567190647125244	ORPHA:2730	ORPHA:2730
