rank	score	disease_name	disease_identifier
1	0.17256927490234375	OMIM:613949	OMIM:613949
2	0.17977945244557192	ORPHA:319600	ORPHA:319600
3	0.1845548152923584	ORPHA:482	ORPHA:482
4	0.19036316871643066	ORPHA:231393	ORPHA:231393
5	0.19039523601531982	ORPHA:86788	ORPHA:86788
6	0.1916610598564148	ORPHA:521	ORPHA:521
7	0.19343072175979614	OMIM:616452	OMIM:616452
8	0.19366705417633057	ORPHA:859	ORPHA:859
9	0.19480836391448975	ORPHA:2688	ORPHA:2688
10	0.19683200120925903	OMIM:202700	OMIM:202700
