rank	score	disease_name	disease_identifier
1	0.17345666885375977	OMIM:613342	OMIM:613342
2	0.185041606426239	ORPHA:67041	ORPHA:67041
3	0.18942785263061523	ORPHA:112	ORPHA:112
4	0.1916409730911255	ORPHA:631	ORPHA:631
5	0.1917676329612732	ORPHA:436144	ORPHA:436144
6	0.19194477796554565	OMIM:127800	OMIM:127800
7	0.1920648217201233	OMIM:190420	OMIM:190420
8	0.19765883684158325	ORPHA:53697	ORPHA:53697
9	0.20160609483718872	OMIM:615414	OMIM:615414
10	0.2020409107208252	ORPHA:1802	ORPHA:1802
