rank	score	disease_name	disease_identifier
1	0.18558377027511597	DECIPHER:85	DECIPHER:85
2	0.1857757568359375	DECIPHER:92	DECIPHER:92
3	0.18935704231262207	DECIPHER:62	DECIPHER:62
4	0.19255638122558594	OMIM:300218	OMIM:300218
4	0.19255638122558594	OMIM:300709	OMIM:300709
4	0.19255638122558594	OMIM:300262	OMIM:300262
4	0.19255638122558594	OMIM:277990	OMIM:277990
8	0.19440579414367676	DECIPHER:43	DECIPHER:43
9	0.19553601741790771	DECIPHER:67	DECIPHER:67
10	0.1997281312942505	ORPHA:226	ORPHA:226
