rank	score	disease_name	disease_identifier
1	0.14500606060028076	OMIM:139630	OMIM:139630
2	0.14676392078399658	ORPHA:280794	ORPHA:280794
3	0.16070818901062012	ORPHA:50942	ORPHA:50942
4	0.1639987826347351	ORPHA:720	ORPHA:720
5	0.1653936505317688	ORPHA:455	ORPHA:455
6	0.16902053356170654	ORPHA:2841	ORPHA:2841
7	0.17190933227539062	ORPHA:157997	ORPHA:157997
8	0.17349213361740112	ORPHA:315	ORPHA:315
9	0.17439818382263184	ORPHA:464318	ORPHA:464318
10	0.1745316982269287	ORPHA:33408	ORPHA:33408
