rank	score	disease_name	disease_identifier
1	0.20117831230163574	OMIM:139630	OMIM:139630
2	0.2047024965286255	ORPHA:2695	ORPHA:2695
3	0.20713698863983154	ORPHA:720	ORPHA:720
4	0.20784717798233032	DECIPHER:37	DECIPHER:37
5	0.20833879709243774	ORPHA:3034	ORPHA:3034
6	0.2084181308746338	OMIM:425500	OMIM:425500
7	0.20867490768432617	ORPHA:1906	ORPHA:1906
8	0.20910435914993286	DECIPHER:21	DECIPHER:21
9	0.20980560779571533	ORPHA:1200	ORPHA:1200
10	0.2100042700767517	ORPHA:2007	ORPHA:2007
