rank	score	disease_name	disease_identifier
1	0.19633477926254272	DECIPHER:37	DECIPHER:37
2	0.1977967619895935	ORPHA:2695	ORPHA:2695
3	0.1999955177307129	OMIM:190420	OMIM:190420
4	0.20124071836471558	OMIM:139630	OMIM:139630
5	0.2020949125289917	DECIPHER:62	DECIPHER:62
6	0.20305514335632324	ORPHA:1906	ORPHA:1906
7	0.2038733959197998	ORPHA:3034	ORPHA:3034
8	0.2043655514717102	DECIPHER:21	DECIPHER:21
9	0.20465916395187378	OMIM:613342	OMIM:613342
10	0.20475977659225464	ORPHA:1200	ORPHA:1200
