rank	score	disease_name	disease_identifier
1	0.21442198753356934	OMIM:614128	OMIM:614128
2	0.21612566709518433	OMIM:300082	OMIM:300082
2	0.21612566709518433	OMIM:158280	OMIM:158280
4	0.219823956489563	ORPHA:371	ORPHA:371
5	0.2213904857635498	OMIM:251945	OMIM:251945
6	0.22312325239181519	OMIM:254950	OMIM:254950
7	0.22354859113693237	ORPHA:614	ORPHA:614
8	0.22364455461502075	ORPHA:45	ORPHA:45
9	0.22388052940368652	ORPHA:79246	ORPHA:79246
10	0.22395634651184082	OMIM:615511	OMIM:615511
