rank	score	disease_name	disease_identifier
1	0.20635384321212769	OMIM:614128	OMIM:614128
2	0.2110998034477234	OMIM:300082	OMIM:300082
2	0.2110998034477234	OMIM:158280	OMIM:158280
4	0.21489810943603516	ORPHA:48372	ORPHA:48372
5	0.21827030181884766	OMIM:306300	OMIM:306300
6	0.21929264068603516	ORPHA:79246	ORPHA:79246
7	0.2199862003326416	ORPHA:2040	ORPHA:2040
8	0.22034597396850586	ORPHA:32	ORPHA:32
9	0.22052288055419922	ORPHA:35701	ORPHA:35701
10	0.22260624170303345	OMIM:425500	OMIM:425500
