rank	score	disease_name	disease_identifier
1	0.17195755243301392	ORPHA:614	ORPHA:614
2	0.1886599063873291	ORPHA:238606	ORPHA:238606
3	0.19142532348632812	ORPHA:88635	ORPHA:88635
4	0.19558483362197876	ORPHA:371	ORPHA:371
5	0.19631946086883545	OMIM:615511	OMIM:615511
6	0.1965828537940979	ORPHA:45	ORPHA:45
7	0.19678008556365967	OMIM:600332	OMIM:600332
8	0.19791686534881592	ORPHA:684	ORPHA:684
9	0.19891273975372314	OMIM:123320	OMIM:123320
10	0.19921153783798218	OMIM:158800	OMIM:158800
