rank	score	disease_name	disease_identifier
1	0.18939495086669922	OMIM:614090	OMIM:614090
2	0.19111782312393188	OMIM:603829	OMIM:603829
3	0.19509196281433105	ORPHA:3286	ORPHA:3286
4	0.1968790888786316	OMIM:613123	OMIM:613123
5	0.19981616735458374	ORPHA:51083	ORPHA:51083
6	0.20032483339309692	ORPHA:130	ORPHA:130
7	0.20517724752426147	OMIM:609620	OMIM:609620
8	0.20912057161331177	ORPHA:3193	ORPHA:3193
9	0.209161639213562	ORPHA:871	ORPHA:871
10	0.20965451002120972	ORPHA:334	ORPHA:334
