rank	score	disease_name	disease_identifier
1	0.20930737257003784	OMIM:139630	OMIM:139630
2	0.2120281457901001	OMIM:425500	OMIM:425500
3	0.2141459584236145	OMIM:203340	OMIM:203340
4	0.2146146297454834	ORPHA:231393	ORPHA:231393
5	0.21588152647018433	OMIM:613949	OMIM:613949
6	0.21620970964431763	OMIM:300082	OMIM:300082
6	0.21620970964431763	OMIM:158280	OMIM:158280
8	0.21665728092193604	ORPHA:655	ORPHA:655
9	0.21692931652069092	ORPHA:720	ORPHA:720
10	0.2181757688522339	ORPHA:48372	ORPHA:48372
