rank	score	disease_name	disease_identifier
1	0.19904416799545288	ORPHA:1429	ORPHA:1429
2	0.2035660743713379	OMIM:158590	OMIM:158590
3	0.20396792888641357	OMIM:208158	OMIM:208158
4	0.20485085248947144	ORPHA:399096	ORPHA:399096
5	0.20603036880493164	ORPHA:363454	ORPHA:363454
6	0.2062227725982666	ORPHA:1216	ORPHA:1216
7	0.20722055435180664	ORPHA:45448	ORPHA:45448
8	0.20727109909057617	ORPHA:98856	ORPHA:98856
9	0.20733892917633057	ORPHA:2764	ORPHA:2764
10	0.2089550495147705	ORPHA:63273	ORPHA:63273
