rank	score	disease_name	disease_identifier
1	0.2015899419784546	OMIM:107700	OMIM:107700
2	0.2131780982017517	OMIM:139630	OMIM:139630
3	0.21748775243759155	OMIM:425500	OMIM:425500
4	0.21791577339172363	OMIM:127800	OMIM:127800
5	0.21991103887557983	ORPHA:168	ORPHA:168
6	0.220966637134552	OMIM:613949	OMIM:613949
7	0.2214958667755127	OMIM:300082	OMIM:300082
7	0.2214958667755127	OMIM:158280	OMIM:158280
9	0.22165822982788086	ORPHA:720	ORPHA:720
10	0.22249329090118408	ORPHA:141091	ORPHA:141091
