rank	score	disease_name	disease_identifier
1	0.19774460792541504	ORPHA:2695	ORPHA:2695
2	0.19997340440750122	ORPHA:3034	ORPHA:3034
3	0.20426499843597412	ORPHA:2007	ORPHA:2007
4	0.20437365770339966	ORPHA:141091	ORPHA:141091
5	0.20542573928833008	ORPHA:1200	ORPHA:1200
6	0.20582181215286255	DECIPHER:21	DECIPHER:21
7	0.20636147260665894	ORPHA:1540	ORPHA:1540
8	0.2065100073814392	ORPHA:3074	ORPHA:3074
9	0.20723742246627808	ORPHA:2025	ORPHA:2025
10	0.20746058225631714	OMIM:425500	OMIM:425500
