rank	score	disease_name	disease_identifier
1	0.20768028497695923	ORPHA:2695	ORPHA:2695
2	0.2077844738960266	ORPHA:3034	ORPHA:3034
3	0.2096530795097351	OMIM:425500	OMIM:425500
4	0.21156609058380127	ORPHA:141091	ORPHA:141091
5	0.21229904890060425	ORPHA:35093	ORPHA:35093
6	0.2133079171180725	DECIPHER:21	DECIPHER:21
7	0.21351337432861328	ORPHA:1200	ORPHA:1200
8	0.21549707651138306	OMIM:155980	OMIM:155980
9	0.2156076431274414	ORPHA:71276	ORPHA:71276
10	0.2157534956932068	ORPHA:1540	ORPHA:1540
