rank	score	disease_name	disease_identifier
1	0.20137035846710205	ORPHA:1509	ORPHA:1509
2	0.20330852270126343	OMIM:127800	OMIM:127800
3	0.20538371801376343	OMIM:139630	OMIM:139630
4	0.20683825016021729	ORPHA:1802	ORPHA:1802
5	0.20757442712783813	OMIM:425500	OMIM:425500
6	0.20844250917434692	ORPHA:2768	ORPHA:2768
7	0.20935672521591187	ORPHA:85197	ORPHA:85197
8	0.2095929980278015	ORPHA:3344	ORPHA:3344
9	0.21081209182739258	ORPHA:50809	ORPHA:50809
10	0.21112394332885742	ORPHA:2777	ORPHA:2777
