rank	score	disease_name	disease_identifier
1	0.19222962856292725	OMIM:139630	OMIM:139630
2	0.1948859691619873	ORPHA:1509	ORPHA:1509
3	0.19632762670516968	ORPHA:85197	ORPHA:85197
4	0.19876646995544434	OMIM:425500	OMIM:425500
5	0.19906854629516602	ORPHA:720	ORPHA:720
6	0.19976913928985596	ORPHA:93321	ORPHA:93321
7	0.20004045963287354	ORPHA:2768	ORPHA:2768
8	0.20014184713363647	ORPHA:931	ORPHA:931
9	0.2002047896385193	ORPHA:1447	ORPHA:1447
10	0.2006368637084961	ORPHA:50809	ORPHA:50809
