rank	score	disease_name	disease_identifier
1	0.2096593976020813	ORPHA:211	ORPHA:211
2	0.21119719743728638	OMIM:161550	OMIM:161550
3	0.21174120903015137	ORPHA:315	ORPHA:315
4	0.21278291940689087	ORPHA:867	ORPHA:867
5	0.21354001760482788	ORPHA:840	ORPHA:840
6	0.21401220560073853	ORPHA:493	ORPHA:493
7	0.21526175737380981	ORPHA:464318	ORPHA:464318
8	0.2165827751159668	ORPHA:31112	ORPHA:31112
9	0.21715962886810303	ORPHA:218	ORPHA:218
10	0.21863698959350586	ORPHA:280794	ORPHA:280794
