rank	score	disease_name	disease_identifier
1	0.16485697031021118	ORPHA:402075	ORPHA:402075
2	0.16544592380523682	ORPHA:3400	ORPHA:3400
3	0.17192983627319336	ORPHA:1455	ORPHA:1455
4	0.17220622301101685	ORPHA:1053	ORPHA:1053
5	0.17364323139190674	OMIM:618496	OMIM:618496
6	0.17644208669662476	ORPHA:289601	ORPHA:289601
7	0.17972886562347412	OMIM:611788	OMIM:611788
8	0.17978119850158691	OMIM:614823	OMIM:614823
9	0.17987990379333496	OMIM:132900	OMIM:132900
10	0.1804105043411255	ORPHA:3193	ORPHA:3193
