rank	score	disease_name	disease_identifier
1	0.20571255683898926	ORPHA:2695	ORPHA:2695
2	0.20913559198379517	ORPHA:3034	ORPHA:3034
3	0.2121540904045105	OMIM:139630	OMIM:139630
4	0.21387749910354614	ORPHA:1200	ORPHA:1200
5	0.21408528089523315	ORPHA:2007	ORPHA:2007
6	0.21418499946594238	OMIM:615979	OMIM:615979
7	0.21455729007720947	ORPHA:141091	ORPHA:141091
8	0.21573525667190552	DECIPHER:21	DECIPHER:21
9	0.21591204404830933	ORPHA:2025	ORPHA:2025
10	0.21660542488098145	ORPHA:3074	ORPHA:3074
