rank	score	disease_name	disease_identifier
1	0.19839602708816528	OMIM:613347	OMIM:613347
2	0.20578616857528687	OMIM:603688	OMIM:603688
3	0.20706218481063843	OMIM:161550	OMIM:161550
4	0.21061831712722778	ORPHA:140286	ORPHA:140286
5	0.2122741937637329	OMIM:300082	OMIM:300082
5	0.2122741937637329	OMIM:158280	OMIM:158280
7	0.21241557598114014	ORPHA:587	ORPHA:587
8	0.21251869201660156	OMIM:606864	OMIM:606864
9	0.21330291032791138	OMIM:610755	OMIM:610755
10	0.21489077806472778	ORPHA:635	ORPHA:635
