rank	score	disease_name	disease_identifier
1	0.20271068811416626	DECIPHER:62	DECIPHER:62
2	0.20532214641571045	OMIM:190420	OMIM:190420
3	0.2090018391609192	OMIM:425500	OMIM:425500
4	0.20942604541778564	OMIM:300082	OMIM:300082
4	0.20942604541778564	OMIM:158280	OMIM:158280
6	0.21094298362731934	OMIM:139630	OMIM:139630
7	0.21167206764221191	ORPHA:293	ORPHA:293
8	0.21269726753234863	OMIM:609579	OMIM:609579
9	0.21275126934051514	OMIM:187395	OMIM:187395
10	0.2133057713508606	DECIPHER:2	DECIPHER:2
