rank	score	disease_name	disease_identifier
1	0.20084190368652344	OMIM:300082	OMIM:300082
1	0.20084190368652344	OMIM:158280	OMIM:158280
3	0.201462984085083	OMIM:613949	OMIM:613949
4	0.20398741960525513	OMIM:139630	OMIM:139630
5	0.20997995138168335	ORPHA:1195	ORPHA:1195
6	0.21041655540466309	OMIM:425500	OMIM:425500
7	0.21145908025781812	ORPHA:319600	ORPHA:319600
8	0.2115335464477539	ORPHA:720	ORPHA:720
9	0.21231240034103394	OMIM:254600	OMIM:254600
10	0.21362894773483276	ORPHA:2040	ORPHA:2040
