rank	score	disease_name	disease_identifier
1	0.19075441360473633	OMIM:139630	OMIM:139630
2	0.19229942560195923	OMIM:613949	OMIM:613949
3	0.19771349430084229	OMIM:107700	OMIM:107700
4	0.19972360134124756	ORPHA:720	ORPHA:720
5	0.20045572519302368	OMIM:425500	OMIM:425500
6	0.20103639364242554	ORPHA:2040	ORPHA:2040
7	0.20504754781723022	ORPHA:1509	ORPHA:1509
8	0.20526397228240967	OMIM:127800	OMIM:127800
9	0.20547538995742798	ORPHA:48372	ORPHA:48372
10	0.2056267261505127	ORPHA:168	ORPHA:168
