rank	score	disease_name	disease_identifier
1	0.19102483987808228	OMIM:139630	OMIM:139630
2	0.19195878505706787	OMIM:613949	OMIM:613949
3	0.19746947288513184	OMIM:300082	OMIM:300082
3	0.19746947288513184	OMIM:158280	OMIM:158280
5	0.1979275345802307	OMIM:425500	OMIM:425500
6	0.19816488027572632	OMIM:107700	OMIM:107700
7	0.19900071620941162	ORPHA:2040	ORPHA:2040
8	0.20016169548034668	ORPHA:48372	ORPHA:48372
9	0.20027446746826172	ORPHA:720	ORPHA:720
10	0.2005523443222046	OMIM:127800	OMIM:127800
