rank	score	disease_name	disease_identifier
1	0.2059154510498047	OMIM:190420	OMIM:190420
2	0.20605921745300293	OMIM:613342	OMIM:613342
3	0.20688754320144653	OMIM:127800	OMIM:127800
4	0.21083807945251465	OMIM:613949	OMIM:613949
5	0.21131175756454468	OMIM:139630	OMIM:139630
6	0.21292591094970703	ORPHA:1509	ORPHA:1509
7	0.21409541368484497	OMIM:619598	OMIM:619598
8	0.21417135000228882	ORPHA:436144	ORPHA:436144
9	0.2142464518547058	ORPHA:931	ORPHA:931
10	0.21482717990875244	ORPHA:85175	ORPHA:85175
