rank	score	disease_name	disease_identifier
1	0.20083403587341309	OMIM:139630	OMIM:139630
2	0.20440411567687988	ORPHA:2040	ORPHA:2040
3	0.20479142665863037	ORPHA:1509	ORPHA:1509
4	0.20839440822601318	OMIM:107700	OMIM:107700
5	0.2090139389038086	ORPHA:720	ORPHA:720
6	0.20909911394119263	ORPHA:1802	ORPHA:1802
7	0.21022313833236694	ORPHA:2285	ORPHA:2285
8	0.21026641130447388	ORPHA:2777	ORPHA:2777
9	0.21035444736480713	OMIM:425500	OMIM:425500
10	0.21152764558792114	OMIM:619598	OMIM:619598
