rank	score	disease_name	disease_identifier
1	0.2037983536720276	OMIM:139630	OMIM:139630
2	0.2071574330329895	OMIM:300082	OMIM:300082
2	0.2071574330329895	OMIM:158280	OMIM:158280
4	0.20776164531707764	OMIM:613949	OMIM:613949
5	0.21117836236953735	ORPHA:720	ORPHA:720
6	0.21255826950073242	OMIM:425500	OMIM:425500
7	0.21364086866378784	OMIM:208158	OMIM:208158
8	0.2136458158493042	OMIM:127800	OMIM:127800
9	0.21556437015533447	OMIM:107700	OMIM:107700
10	0.21609759330749512	ORPHA:50942	ORPHA:50942
