rank	score	disease_name	disease_identifier
1	0.1971583366394043	OMIM:139630	OMIM:139630
2	0.20041298866271973	ORPHA:720	ORPHA:720
3	0.20342981815338135	OMIM:300082	OMIM:300082
3	0.20342981815338135	OMIM:158280	OMIM:158280
5	0.2064375877380371	ORPHA:50942	ORPHA:50942
6	0.2078520655632019	ORPHA:100073	ORPHA:100073
7	0.20813590288162231	ORPHA:85162	ORPHA:85162
8	0.20890045166015625	ORPHA:614	ORPHA:614
9	0.21166270971298218	ORPHA:238606	ORPHA:238606
10	0.2122299075126648	ORPHA:140966	ORPHA:140966
