rank	score	disease_name	disease_identifier
1	0.104897141456604	OMIM:609135	OMIM:609135
2	0.1248934268951416	ORPHA:318	ORPHA:318
3	0.13527387380599976	OMIM:515000	OMIM:515000
4	0.1388806700706482	OMIM:604498	OMIM:604498
5	0.14329326152801514	ORPHA:231393	ORPHA:231393
6	0.15386289358139038	OMIM:619041	OMIM:619041
7	0.15432226657867432	ORPHA:231237	ORPHA:231237
8	0.15460455417633057	ORPHA:86841	ORPHA:86841
9	0.1586294174194336	ORPHA:859	ORPHA:859
10	0.15874958038330078	ORPHA:88	ORPHA:88
