rank	score	disease_name	disease_identifier
1	0.21030402183532715	OMIM:300082	OMIM:300082
1	0.21030402183532715	OMIM:158280	OMIM:158280
3	0.21920913457870483	OMIM:139630	OMIM:139630
4	0.22025728225708008	OMIM:425500	OMIM:425500
5	0.22207152843475342	ORPHA:1186	ORPHA:1186
6	0.22299224138259888	OMIM:159580	OMIM:159580
7	0.22314989566802979	OMIM:127800	OMIM:127800
8	0.22339928150177002	ORPHA:71276	ORPHA:71276
9	0.2236223816871643	ORPHA:720	ORPHA:720
10	0.22418957948684692	ORPHA:401780	ORPHA:401780
