rank	score	disease_name	disease_identifier
1	0.17031973600387573	OMIM:614090	OMIM:614090
2	0.19176959991455078	ORPHA:51083	ORPHA:51083
3	0.1923113465309143	ORPHA:130	ORPHA:130
4	0.19667106866836548	OMIM:613123	OMIM:613123
5	0.1970474123954773	ORPHA:1479	ORPHA:1479
6	0.19782483577728271	OMIM:616117	OMIM:616117
7	0.20084458589553833	OMIM:604559	OMIM:604559
8	0.2036615014076233	ORPHA:45453	ORPHA:45453
9	0.2044784426689148	OMIM:108770	OMIM:108770
10	0.20497143268585205	ORPHA:1055	ORPHA:1055
