rank	score	disease_name	disease_identifier
1	0.17177480459213257	OMIM:603829	OMIM:603829
2	0.1753929853439331	ORPHA:130	ORPHA:130
3	0.17544853687286377	OMIM:613123	OMIM:613123
4	0.1757870316505432	ORPHA:51083	ORPHA:51083
5	0.17917782068252563	OMIM:616117	OMIM:616117
6	0.18055540323257446	OMIM:612956	OMIM:612956
7	0.18177694082260132	OMIM:614090	OMIM:614090
8	0.18297713994979858	OMIM:108770	OMIM:108770
9	0.1833767294883728	OMIM:115000	OMIM:115000
10	0.18457841873168945	OMIM:601144	OMIM:601144
