rank	score	disease_name	disease_identifier
1	0.19741737842559814	OMIM:613342	OMIM:613342
2	0.20239001512527466	OMIM:425500	OMIM:425500
3	0.20534080266952515	OMIM:190420	OMIM:190420
4	0.206589937210083	ORPHA:2040	ORPHA:2040
5	0.20936095714569092	OMIM:139630	OMIM:139630
6	0.20984762907028198	ORPHA:112	ORPHA:112
7	0.21046000719070435	DECIPHER:62	DECIPHER:62
8	0.21218425035476685	ORPHA:436144	ORPHA:436144
9	0.212943434715271	ORPHA:67041	ORPHA:67041
10	0.21388787031173706	OMIM:619598	OMIM:619598
