rank	score	disease_name	disease_identifier
1	0.15517288446426392	ORPHA:1872	ORPHA:1872
2	0.15817469358444214	OMIM:611543	OMIM:611543
3	0.16182154417037964	ORPHA:180	ORPHA:180
4	0.16321492195129395	ORPHA:99000	ORPHA:99000
5	0.16422057151794434	ORPHA:1661	ORPHA:1661
6	0.16724562644958496	ORPHA:1243	ORPHA:1243
7	0.16793161630630493	OMIM:610282	OMIM:610282
8	0.1698741316795349	ORPHA:88629	ORPHA:88629
9	0.16999709606170654	ORPHA:2989	ORPHA:2989
10	0.1707746982574463	ORPHA:1871	ORPHA:1871
