rank	score	disease_name	disease_identifier
1	0.2047874927520752	OMIM:139630	OMIM:139630
2	0.2086370587348938	ORPHA:720	ORPHA:720
3	0.2087479829788208	OMIM:190420	OMIM:190420
4	0.2107216715812683	OMIM:127800	OMIM:127800
5	0.21380674839019775	ORPHA:169	ORPHA:169
6	0.21460086107254028	OMIM:613342	OMIM:613342
7	0.21483385562896729	OMIM:425500	OMIM:425500
8	0.21517908573150635	ORPHA:168	ORPHA:168
9	0.2162090539932251	OMIM:107700	OMIM:107700
10	0.21636182069778442	ORPHA:436144	ORPHA:436144
