rank	score	disease_name	disease_identifier
1	0.1975141167640686	OMIM:139630	OMIM:139630
2	0.20561814308166504	ORPHA:720	ORPHA:720
3	0.2059849500656128	OMIM:425500	OMIM:425500
4	0.20847469568252563	ORPHA:168	ORPHA:168
5	0.20850485563278198	ORPHA:48372	ORPHA:48372
6	0.21089375019073486	OMIM:107700	OMIM:107700
7	0.21111392974853516	ORPHA:71276	ORPHA:71276
8	0.21222084760665894	ORPHA:2040	ORPHA:2040
9	0.21268349885940552	ORPHA:50942	ORPHA:50942
10	0.21578943729400635	ORPHA:141091	ORPHA:141091
