rank	score	disease_name	disease_identifier
1	0.19417804479599	OMIM:139630	OMIM:139630
2	0.20047831535339355	ORPHA:720	ORPHA:720
3	0.20318955183029175	OMIM:425500	OMIM:425500
4	0.2064405083656311	ORPHA:50942	ORPHA:50942
5	0.20819538831710815	OMIM:613949	OMIM:613949
6	0.21172279119491577	OMIM:300082	OMIM:300082
6	0.21172279119491577	OMIM:158280	OMIM:158280
8	0.2117452621459961	ORPHA:168	ORPHA:168
9	0.2119033932685852	OMIM:127800	OMIM:127800
10	0.21348965167999268	ORPHA:2040	ORPHA:2040
