rank	score	disease_name	disease_identifier
1	0.21085739135742188	OMIM:139630	OMIM:139630
2	0.21735411882400513	ORPHA:720	ORPHA:720
3	0.21801221370697021	ORPHA:50942	ORPHA:50942
4	0.221385657787323	OMIM:107700	OMIM:107700
5	0.2243010401725769	OMIM:300082	OMIM:300082
5	0.2243010401725769	OMIM:158280	OMIM:158280
7	0.2244817614555359	ORPHA:48372	ORPHA:48372
8	0.2248557209968567	OMIM:208158	OMIM:208158
9	0.22527021169662476	OMIM:127800	OMIM:127800
10	0.22585749626159668	ORPHA:158676	ORPHA:158676
