rank	score	disease_name	disease_identifier
1	0.20605075359344482	OMIM:139630	OMIM:139630
2	0.21084898710250854	ORPHA:50942	ORPHA:50942
3	0.21285128593444824	ORPHA:329967	ORPHA:329967
4	0.21296489238739014	ORPHA:90160	ORPHA:90160
5	0.2147073745727539	ORPHA:281122	ORPHA:281122
6	0.21511316299438477	ORPHA:720	ORPHA:720
7	0.21516573429107666	ORPHA:90157	ORPHA:90157
8	0.2160661816596985	ORPHA:90158	ORPHA:90158
9	0.2161993384361267	ORPHA:1416	ORPHA:1416
10	0.21644526720046997	ORPHA:455	ORPHA:455
