rank	score	disease_name	disease_identifier
1	0.20471185445785522	OMIM:139630	OMIM:139630
2	0.20866495370864868	OMIM:107700	OMIM:107700
3	0.21184498071670532	ORPHA:720	ORPHA:720
4	0.21424627304077148	ORPHA:48372	ORPHA:48372
5	0.21586841344833374	OMIM:613949	OMIM:613949
6	0.21814948320388794	ORPHA:50942	ORPHA:50942
7	0.2181575894355774	ORPHA:168	ORPHA:168
8	0.2186923623085022	ORPHA:2040	ORPHA:2040
9	0.21884864568710327	ORPHA:1053	ORPHA:1053
10	0.22111809253692627	OMIM:425500	OMIM:425500
