rank	score	disease_name	disease_identifier
1	0.20772969722747803	OMIM:425500	OMIM:425500
2	0.21086221933364868	OMIM:139630	OMIM:139630
3	0.2164924144744873	ORPHA:720	ORPHA:720
4	0.21777623891830444	ORPHA:3034	ORPHA:3034
5	0.21805733442306519	DECIPHER:21	DECIPHER:21
6	0.2185654640197754	ORPHA:2695	ORPHA:2695
7	0.21862781047821045	ORPHA:141091	ORPHA:141091
8	0.218963623046875	ORPHA:168	ORPHA:168
9	0.21946680545806885	ORPHA:2285	ORPHA:2285
10	0.219862163066864	ORPHA:71276	ORPHA:71276
