rank	score	disease_name	disease_identifier
1	0.1939653754234314	ORPHA:2024	ORPHA:2024
2	0.1970137357711792	OMIM:139630	OMIM:139630
3	0.19928640127182007	ORPHA:50942	ORPHA:50942
4	0.20357859134674072	ORPHA:720	ORPHA:720
5	0.20405226945877075	ORPHA:2200	ORPHA:2200
6	0.20571869611740112	OMIM:170650	OMIM:170650
7	0.20664352178573608	OMIM:260910	OMIM:260910
8	0.2068883776664734	ORPHA:700	ORPHA:700
9	0.2069527506828308	ORPHA:281201	ORPHA:281201
10	0.2073136568069458	ORPHA:248	ORPHA:248
