rank	score	disease_name	disease_identifier
1	0.19108396768569946	OMIM:139630	OMIM:139630
2	0.1960393190383911	ORPHA:3034	ORPHA:3034
3	0.19862204790115356	ORPHA:168	ORPHA:168
4	0.19875675439834595	ORPHA:720	ORPHA:720
5	0.1988760232925415	ORPHA:71276	ORPHA:71276
6	0.1998690366744995	ORPHA:141091	ORPHA:141091
7	0.20129680633544922	OMIM:615979	OMIM:615979
8	0.20177114009857178	DECIPHER:21	DECIPHER:21
9	0.20235520601272583	OMIM:425500	OMIM:425500
10	0.2026880979537964	ORPHA:35093	ORPHA:35093
