rank	score	disease_name	disease_identifier
1	0.20249104499816895	ORPHA:2730	ORPHA:2730
2	0.20529413223266602	ORPHA:2564	ORPHA:2564
3	0.210529625415802	ORPHA:93321	ORPHA:93321
4	0.21073263883590698	ORPHA:1447	ORPHA:1447
5	0.21127313375473022	OMIM:139630	OMIM:139630
6	0.2131187915802002	ORPHA:1077	ORPHA:1077
7	0.2150135040283203	ORPHA:50942	ORPHA:50942
8	0.21541905403137207	ORPHA:1122	ORPHA:1122
9	0.21543645858764648	ORPHA:2287	ORPHA:2287
10	0.21560925245285034	ORPHA:973	ORPHA:973
