rank	score	disease_name	disease_identifier
1	0.2079625129699707	ORPHA:1447	ORPHA:1447
2	0.20918703079223633	OMIM:139630	OMIM:139630
3	0.20965391397476196	ORPHA:93321	ORPHA:93321
4	0.20992159843444824	ORPHA:1122	ORPHA:1122
5	0.21041351556777954	ORPHA:2564	ORPHA:2564
6	0.21144640445709229	ORPHA:2730	ORPHA:2730
7	0.21233975887298584	OMIM:425500	OMIM:425500
8	0.213539719581604	ORPHA:973	ORPHA:973
9	0.2137892246246338	ORPHA:2497	ORPHA:2497
10	0.21568083763122559	ORPHA:93397	ORPHA:93397
