rank	score	disease_name	disease_identifier
1	0.216050386428833	ORPHA:1455	ORPHA:1455
2	0.21697968244552612	ORPHA:1209	ORPHA:1209
3	0.21797823905944824	OMIM:614435	OMIM:614435
4	0.22049355506896973	ORPHA:2248	ORPHA:2248
5	0.2207127809524536	OMIM:265150	OMIM:265150
6	0.22123414278030396	OMIM:610187	OMIM:610187
7	0.22160369157791138	OMIM:614429	OMIM:614429
8	0.22249972820281982	ORPHA:3189	ORPHA:3189
9	0.22329717874526978	ORPHA:3469	ORPHA:3469
10	0.223871111869812	ORPHA:293	ORPHA:293
