rank	score	disease_name	disease_identifier
1	0.19231188297271729	OMIM:248390	OMIM:248390
2	0.1923236846923828	OMIM:425500	OMIM:425500
3	0.19542109966278076	ORPHA:3034	ORPHA:3034
4	0.19691473245620728	ORPHA:2972	ORPHA:2972
5	0.19728976488113403	OMIM:613857	OMIM:613857
6	0.19785284996032715	ORPHA:2016	ORPHA:2016
7	0.19916313886642456	ORPHA:477781	ORPHA:477781
8	0.2007606029510498	OMIM:122880	OMIM:122880
9	0.20080196857452393	ORPHA:401942	ORPHA:401942
10	0.20080465078353882	ORPHA:2964	ORPHA:2964
