rank	score	disease_name	disease_identifier
1	0.20275413990020752	OMIM:159580	OMIM:159580
2	0.20721882581710815	OMIM:619598	OMIM:619598
3	0.20823270082473755	OMIM:139630	OMIM:139630
4	0.20869553089141846	ORPHA:1509	ORPHA:1509
5	0.20870083570480347	ORPHA:3181	ORPHA:3181
6	0.2089826464653015	ORPHA:85197	ORPHA:85197
7	0.2093150019645691	OMIM:300082	OMIM:300082
7	0.2093150019645691	OMIM:158280	OMIM:158280
9	0.20948755741119385	OMIM:205250	OMIM:205250
10	0.2098103165626526	OMIM:127800	OMIM:127800
