rank	score	disease_name	disease_identifier
1	0.21029579639434814	OMIM:139630	OMIM:139630
2	0.21282649040222168	OMIM:300082	OMIM:300082
2	0.21282649040222168	OMIM:158280	OMIM:158280
4	0.21330559253692627	OMIM:107700	OMIM:107700
5	0.2145511507987976	ORPHA:1195	ORPHA:1195
6	0.21564358472824097	ORPHA:655	ORPHA:655
7	0.2156448708730513	ORPHA:319600	ORPHA:319600
8	0.21586936712265015	ORPHA:720	ORPHA:720
9	0.2160344123840332	ORPHA:231393	ORPHA:231393
10	0.2176039218902588	OMIM:613949	OMIM:613949
