rank	score	disease_name	disease_identifier
1	0.18640434741973877	OMIM:614090	OMIM:614090
2	0.18875473737716675	OMIM:603829	OMIM:603829
3	0.19521301984786987	ORPHA:51083	ORPHA:51083
4	0.19672763347625732	ORPHA:130	ORPHA:130
5	0.20353317260742188	OMIM:616117	OMIM:616117
6	0.2057064175605774	OMIM:115000	OMIM:115000
7	0.20671504735946655	ORPHA:45453	ORPHA:45453
8	0.20776253938674927	ORPHA:1479	ORPHA:1479
9	0.20821541547775269	ORPHA:1055	ORPHA:1055
10	0.20930272340774536	ORPHA:3283	ORPHA:3283
