rank	score	disease_name	disease_identifier
1	0.16708022356033325	OMIM:603829	OMIM:603829
2	0.17851579189300537	ORPHA:130	ORPHA:130
3	0.1790311336517334	ORPHA:51083	ORPHA:51083
4	0.17980575561523438	OMIM:614090	OMIM:614090
5	0.18419092893600464	OMIM:601144	OMIM:601144
6	0.18777984380722046	ORPHA:3286	ORPHA:3286
7	0.19067001342773438	OMIM:609621	OMIM:609621
8	0.19083631038665771	OMIM:609620	OMIM:609620
9	0.19144314527511597	OMIM:613123	OMIM:613123
10	0.19366103410720825	OMIM:616117	OMIM:616117
