rank	score	disease_name	disease_identifier
1	0.21547740697860718	DECIPHER:43	DECIPHER:43
2	0.22018963098526	DECIPHER:85	DECIPHER:85
3	0.22280055284500122	OMIM:300218	OMIM:300218
3	0.22280055284500122	OMIM:300709	OMIM:300709
3	0.22280055284500122	OMIM:300262	OMIM:300262
3	0.22280055284500122	OMIM:277990	OMIM:277990
7	0.22502535581588745	DECIPHER:92	DECIPHER:92
8	0.22535353899002075	ORPHA:226	ORPHA:226
9	0.2260420322418213	ORPHA:85332	ORPHA:85332
10	0.2270309329032898	OMIM:300082	OMIM:300082
