rank	score	disease_name	disease_identifier
1	0.19417160749435425	ORPHA:973	ORPHA:973
2	0.1972360610961914	ORPHA:1509	ORPHA:1509
3	0.19845515489578247	ORPHA:931	ORPHA:931
4	0.19848573207855225	ORPHA:1447	ORPHA:1447
5	0.19879412651062012	OMIM:619598	OMIM:619598
6	0.20144027471542358	ORPHA:1122	ORPHA:1122
7	0.20207852125167847	ORPHA:85175	ORPHA:85175
8	0.2025240659713745	ORPHA:2632	ORPHA:2632
9	0.20269227027893066	ORPHA:93321	ORPHA:93321
10	0.20300579071044922	ORPHA:2730	ORPHA:2730
