rank	score	disease_name	disease_identifier
1	0.15863415481851884	ORPHA:319600	ORPHA:319600
2	0.16078275442123413	ORPHA:482	ORPHA:482
3	0.16184473037719727	OMIM:613949	OMIM:613949
4	0.16609472036361694	ORPHA:48372	ORPHA:48372
5	0.16794449090957642	OMIM:107700	OMIM:107700
6	0.17517971992492676	OMIM:139630	OMIM:139630
7	0.17588037252426147	ORPHA:46532	ORPHA:46532
8	0.17630964517593384	OMIM:613347	OMIM:613347
9	0.1771913766860962	ORPHA:2040	ORPHA:2040
10	0.17719650268554688	ORPHA:882	ORPHA:882
