rank	score	disease_name	disease_identifier
1	0.17912781238555908	ORPHA:2593	ORPHA:2593
2	0.1884952187538147	ORPHA:88635	ORPHA:88635
3	0.18981432914733887	OMIM:616231	OMIM:616231
4	0.19249439239501953	OMIM:618848	OMIM:618848
5	0.1926058530807495	ORPHA:371	ORPHA:371
6	0.19265127182006836	ORPHA:206599	ORPHA:206599
7	0.1941206455230713	ORPHA:45	ORPHA:45
8	0.1948235034942627	OMIM:123320	OMIM:123320
9	0.19504094123840332	OMIM:620286	OMIM:620286
10	0.1953369379043579	OMIM:159050	OMIM:159050
