rank	score	disease_name	disease_identifier
1	0.19151932001113892	ORPHA:2564	ORPHA:2564
2	0.19491809606552124	ORPHA:2730	ORPHA:2730
3	0.19652342796325684	ORPHA:1122	ORPHA:1122
4	0.19720357656478882	ORPHA:973	ORPHA:973
5	0.20168083906173706	ORPHA:2150	ORPHA:2150
6	0.20169174671173096	ORPHA:1077	ORPHA:1077
7	0.20214462280273438	ORPHA:1447	ORPHA:1447
8	0.2026503086090088	ORPHA:1113	ORPHA:1113
9	0.2027665376663208	ORPHA:93321	ORPHA:93321
10	0.203155517578125	ORPHA:85169	ORPHA:85169
