rank	score	disease_name	disease_identifier
1	0.19534778594970703	ORPHA:238606	ORPHA:238606
2	0.20064759254455566	ORPHA:614	ORPHA:614
3	0.20554029941558838	ORPHA:1429	ORPHA:1429
4	0.2059909701347351	ORPHA:85162	ORPHA:85162
5	0.20607608556747437	ORPHA:65684	ORPHA:65684
6	0.20664608478546143	ORPHA:98769	ORPHA:98769
7	0.20668286085128784	OMIM:158590	OMIM:158590
8	0.20779865980148315	OMIM:606840	OMIM:606840
9	0.2079675793647766	ORPHA:420485	ORPHA:420485
10	0.20924711227416992	ORPHA:256	ORPHA:256
