rank	score	disease_name	disease_identifier
1	0.17308908700942993	ORPHA:101041	ORPHA:101041
2	0.1758202314376831	ORPHA:231393	ORPHA:231393
3	0.17877686023712158	ORPHA:98881	ORPHA:98881
4	0.1833527684211731	OMIM:619271	OMIM:619271
5	0.18375474214553833	OMIM:615193	OMIM:615193
6	0.18516695499420166	OMIM:173590	OMIM:173590
7	0.18657547235488892	OMIM:619130	OMIM:619130
8	0.18695592880249023	ORPHA:721	ORPHA:721
9	0.1874251365661621	ORPHA:3002	ORPHA:3002
10	0.18990206718444824	ORPHA:88	ORPHA:88
