rank	score	disease_name	disease_identifier
1	0.20946019887924194	OMIM:139630	OMIM:139630
2	0.21485763788223267	OMIM:425500	OMIM:425500
3	0.21521353721618652	ORPHA:720	ORPHA:720
4	0.21695208549499512	OMIM:127800	OMIM:127800
5	0.21769285202026367	OMIM:300082	OMIM:300082
5	0.21769285202026367	OMIM:158280	OMIM:158280
7	0.2180119752883911	ORPHA:477781	ORPHA:477781
8	0.21811455488204956	OMIM:107700	OMIM:107700
9	0.2198728322982788	ORPHA:141091	ORPHA:141091
10	0.2200847864151001	ORPHA:168	ORPHA:168
