rank	score	disease_name	disease_identifier
1	0.22053027153015137	OMIM:139630	OMIM:139630
2	0.22090590000152588	OMIM:425500	OMIM:425500
3	0.22453856468200684	OMIM:107700	OMIM:107700
4	0.2263064980506897	ORPHA:168	ORPHA:168
5	0.2267715334892273	ORPHA:720	ORPHA:720
6	0.22741323709487915	ORPHA:2717	ORPHA:2717
7	0.22768491506576538	ORPHA:2695	ORPHA:2695
8	0.2280603051185608	ORPHA:1134	ORPHA:1134
9	0.22857344150543213	ORPHA:141091	ORPHA:141091
10	0.22868281602859497	ORPHA:3034	ORPHA:3034
