rank	score	disease_name	disease_identifier
1	0.11981230974197388	OMIM:620104	OMIM:620104
2	0.12119156122207642	ORPHA:79129	ORPHA:79129
3	0.124794602394104	OMIM:614832	OMIM:614832
4	0.13132929801940918	OMIM:616270	OMIM:616270
5	0.1320434808731079	OMIM:301200	OMIM:301200
6	0.13257110118865967	OMIM:104510	OMIM:104510
7	0.13359522819519043	OMIM:616221	OMIM:616221
8	0.13604676723480225	ORPHA:88661	ORPHA:88661
9	0.13818591833114624	OMIM:104530	OMIM:104530
10	0.13860726356506348	ORPHA:2287	ORPHA:2287
