rank	score	disease_name	disease_identifier
1	0.1945730447769165	OMIM:300082	OMIM:300082
1	0.1945730447769165	OMIM:158280	OMIM:158280
3	0.20366770029067993	OMIM:190420	OMIM:190420
4	0.2103896141052246	OMIM:425500	OMIM:425500
5	0.2118639349937439	DECIPHER:31	DECIPHER:31
6	0.2130536437034607	ORPHA:293	ORPHA:293
7	0.21325242519378662	OMIM:139630	OMIM:139630
8	0.21410411596298218	ORPHA:35701	ORPHA:35701
9	0.2141488790512085	OMIM:306300	OMIM:306300
10	0.21489810943603516	OMIM:127800	OMIM:127800
