rank	score	disease_name	disease_identifier
1	0.2069617509841919	OMIM:613342	OMIM:613342
2	0.21816468238830566	ORPHA:93304	ORPHA:93304
3	0.21897351741790771	OMIM:619598	OMIM:619598
4	0.2194385528564453	ORPHA:1509	ORPHA:1509
5	0.22028523683547974	OMIM:127800	OMIM:127800
6	0.22040563821792603	ORPHA:2956	ORPHA:2956
7	0.22079205513000488	ORPHA:93302	ORPHA:93302
8	0.22102242708206177	ORPHA:67041	ORPHA:67041
9	0.22202229499816895	ORPHA:1040	ORPHA:1040
10	0.2221570611000061	ORPHA:2310	ORPHA:2310
