rank	score	disease_name	disease_identifier
1	0.1981043815612793	ORPHA:2695	ORPHA:2695
2	0.2080361247062683	DECIPHER:37	DECIPHER:37
3	0.2105468511581421	ORPHA:3034	ORPHA:3034
4	0.21059483289718628	ORPHA:3074	ORPHA:3074
5	0.21088147163391113	ORPHA:1200	ORPHA:1200
6	0.21142202615737915	ORPHA:3038	ORPHA:3038
7	0.21215784549713135	ORPHA:1253	ORPHA:1253
8	0.21234923601150513	ORPHA:1906	ORPHA:1906
9	0.21306711435317993	OMIM:615979	OMIM:615979
10	0.2131597399711609	ORPHA:1193	ORPHA:1193
