rank	score	disease_name	disease_identifier
1	0.1982453465461731	OMIM:618884	OMIM:618884
2	0.20535898208618164	ORPHA:69063	ORPHA:69063
3	0.20557230710983276	ORPHA:42062	ORPHA:42062
4	0.20831197500228882	OMIM:611771	OMIM:611771
5	0.20995569229125977	OMIM:203340	OMIM:203340
6	0.21002429723739624	OMIM:124100	OMIM:124100
7	0.21129310131072998	OMIM:607832	OMIM:607832
8	0.21152371168136597	ORPHA:214	ORPHA:214
9	0.21247410774230957	ORPHA:655	ORPHA:655
10	0.21402281522750854	ORPHA:2843	ORPHA:2843
