rank	score	disease_name	disease_identifier
1	0.19258880615234375	OMIM:139630	OMIM:139630
2	0.1960490345954895	OMIM:613949	OMIM:613949
3	0.2021101713180542	ORPHA:720	ORPHA:720
4	0.20702815055847168	OMIM:107700	OMIM:107700
5	0.2104014754295349	ORPHA:2690	ORPHA:2690
6	0.21150058507919312	ORPHA:50942	ORPHA:50942
7	0.21261179447174072	ORPHA:168	ORPHA:168
8	0.21355998516082764	ORPHA:318	ORPHA:318
9	0.2135804295539856	OMIM:609135	OMIM:609135
10	0.2148219347000122	ORPHA:46532	ORPHA:46532
