rank	score	disease_name	disease_identifier
1	0.21446102857589722	OMIM:208158	OMIM:208158
2	0.2192307710647583	ORPHA:1429	ORPHA:1429
3	0.2202196717262268	ORPHA:279882	ORPHA:279882
4	0.2217368483543396	ORPHA:238606	ORPHA:238606
5	0.2223438024520874	OMIM:611031	OMIM:611031
6	0.22243881225585938	ORPHA:256	ORPHA:256
7	0.22300493717193604	OMIM:300082	OMIM:300082
7	0.22300493717193604	OMIM:158280	OMIM:158280
9	0.22325849533081055	ORPHA:71519	ORPHA:71519
10	0.22471928596496582	OMIM:209100	OMIM:209100
