rank	score	disease_name	disease_identifier
1	0.20507967472076416	ORPHA:48372	ORPHA:48372
2	0.20831120014190674	ORPHA:1053	ORPHA:1053
3	0.21041327714920044	ORPHA:3400	ORPHA:3400
4	0.2118547558784485	OMIM:265150	OMIM:265150
5	0.21186882257461548	ORPHA:1209	ORPHA:1209
6	0.2130950689315796	ORPHA:1455	ORPHA:1455
7	0.21352922916412354	ORPHA:289601	ORPHA:289601
8	0.2136792540550232	ORPHA:163596	ORPHA:163596
9	0.2138856053352356	ORPHA:3405	ORPHA:3405
10	0.2142549753189087	ORPHA:3346	ORPHA:3346
