rank	score	disease_name	disease_identifier
1	0.21025466918945312	ORPHA:1053	ORPHA:1053
2	0.21042263507843018	ORPHA:48372	ORPHA:48372
3	0.21183204650878906	ORPHA:1455	ORPHA:1455
4	0.21276748180389404	ORPHA:1209	ORPHA:1209
5	0.21300286054611206	ORPHA:3400	ORPHA:3400
6	0.2168000340461731	ORPHA:3405	ORPHA:3405
7	0.21755045652389526	OMIM:614435	OMIM:614435
8	0.21756261587142944	ORPHA:402075	ORPHA:402075
9	0.21775692701339722	ORPHA:289601	ORPHA:289601
10	0.21814030408859253	ORPHA:1457	ORPHA:1457
