rank	score	disease_name	disease_identifier
1	0.20335930585861206	ORPHA:660	ORPHA:660
2	0.2065415382385254	OMIM:139630	OMIM:139630
3	0.2072250247001648	ORPHA:86788	ORPHA:86788
4	0.20780396461486816	ORPHA:183707	ORPHA:183707
5	0.20932245254516602	OMIM:107700	OMIM:107700
6	0.20979374647140503	ORPHA:88621	ORPHA:88621
7	0.2113812333748638	ORPHA:79235	ORPHA:79235
8	0.21370089054107666	ORPHA:50942	ORPHA:50942
9	0.21422463655471802	OMIM:306950	OMIM:306950
10	0.21507596969604492	OMIM:613949	OMIM:613949
