rank	score	disease_name	disease_identifier
1	0.19842380285263062	ORPHA:1122	ORPHA:1122
2	0.19897162914276123	ORPHA:1447	ORPHA:1447
3	0.20111525058746338	ORPHA:931	ORPHA:931
4	0.20258671045303345	OMIM:139630	OMIM:139630
5	0.20427286624908447	ORPHA:93321	ORPHA:93321
6	0.20478123426437378	ORPHA:2564	ORPHA:2564
7	0.2049795389175415	ORPHA:1118	ORPHA:1118
8	0.206312894821167	ORPHA:2730	ORPHA:2730
9	0.2063780426979065	OMIM:200500	OMIM:200500
10	0.20644670724868774	ORPHA:973	ORPHA:973
