rank	score	disease_name	disease_identifier
1	0.201147198677063	ORPHA:1447	ORPHA:1447
2	0.20210355520248413	OMIM:139630	OMIM:139630
3	0.2026349902153015	ORPHA:1122	ORPHA:1122
4	0.2036076784133911	ORPHA:931	ORPHA:931
5	0.20566487312316895	ORPHA:93321	ORPHA:93321
6	0.20736581087112427	OMIM:425500	OMIM:425500
7	0.20737814903259277	DECIPHER:21	DECIPHER:21
8	0.2080501914024353	ORPHA:1118	ORPHA:1118
9	0.20851588249206543	ORPHA:2695	ORPHA:2695
10	0.20876526832580566	ORPHA:988	ORPHA:988
