rank	score	disease_name	disease_identifier
1	0.20323151350021362	OMIM:139630	OMIM:139630
2	0.21347534656524658	OMIM:425500	OMIM:425500
3	0.2143600583076477	ORPHA:720	ORPHA:720
4	0.21983957290649414	ORPHA:168	ORPHA:168
5	0.2200014591217041	ORPHA:50942	ORPHA:50942
6	0.22013741731643677	ORPHA:2456	ORPHA:2456
7	0.2236800193786621	OMIM:107700	OMIM:107700
8	0.22488737106323242	ORPHA:2717	ORPHA:2717
9	0.2254278063774109	ORPHA:1122	ORPHA:1122
10	0.22543299198150635	ORPHA:91132	ORPHA:91132
