rank	score	disease_name	disease_identifier
1	0.19027990102767944	DECIPHER:85	DECIPHER:85
2	0.19731980562210083	DECIPHER:92	DECIPHER:92
3	0.1981716752052307	DECIPHER:43	DECIPHER:43
4	0.2011469006538391	ORPHA:631	ORPHA:631
5	0.20398658514022827	OMIM:613342	OMIM:613342
6	0.2076835036277771	ORPHA:226	ORPHA:226
7	0.20981121063232422	OMIM:614345	OMIM:614345
8	0.21058833599090576	ORPHA:436144	ORPHA:436144
9	0.21143656969070435	OMIM:614728	OMIM:614728
10	0.21191173791885376	OMIM:616739	OMIM:616739
