rank	score	disease_name	disease_identifier
1	0.18943393230438232	ORPHA:859	ORPHA:859
2	0.1895238757133484	OMIM:613949	OMIM:613949
3	0.19202685356140137	OMIM:609135	OMIM:609135
4	0.19792062044143677	OMIM:606843	OMIM:606843
5	0.19971877336502075	ORPHA:318	ORPHA:318
6	0.20041698217391968	ORPHA:86788	ORPHA:86788
7	0.20152205228805542	OMIM:613825	OMIM:613825
8	0.20198196172714233	ORPHA:231393	ORPHA:231393
9	0.2022443413734436	OMIM:267500	OMIM:267500
10	0.20340251922607422	OMIM:146830	OMIM:146830
