rank	score	disease_name	disease_identifier
1	0.2110247015953064	OMIM:300082	OMIM:300082
1	0.2110247015953064	OMIM:158280	OMIM:158280
3	0.2234053611755371	ORPHA:1429	ORPHA:1429
4	0.22355365753173828	ORPHA:86788	ORPHA:86788
5	0.2243502140045166	OMIM:254600	OMIM:254600
6	0.22435909509658813	ORPHA:1195	ORPHA:1195
7	0.22527992725372314	OMIM:613949	OMIM:613949
8	0.22543340921401978	ORPHA:238606	ORPHA:238606
9	0.22582900524139404	ORPHA:35701	ORPHA:35701
10	0.22583884000778198	OMIM:306300	OMIM:306300
