rank	score	disease_name	disease_identifier
1	0.2140977382659912	OMIM:425500	OMIM:425500
2	0.2147507667541504	ORPHA:93302	ORPHA:93302
3	0.21572375297546387	OMIM:208158	OMIM:208158
4	0.2164258360862732	OMIM:107700	OMIM:107700
5	0.21649152040481567	ORPHA:71276	ORPHA:71276
6	0.2165049910545349	ORPHA:1509	ORPHA:1509
7	0.217309832572937	ORPHA:83461	ORPHA:83461
8	0.21742784976959229	ORPHA:2310	ORPHA:2310
9	0.21771496534347534	ORPHA:3180	ORPHA:3180
10	0.21810173988342285	ORPHA:93304	ORPHA:93304
