rank	score	disease_name	disease_identifier
1	0.20684814453125	OMIM:300082	OMIM:300082
1	0.20684814453125	OMIM:158280	OMIM:158280
3	0.21336817741394043	ORPHA:46348	ORPHA:46348
4	0.2156052589416504	ORPHA:35701	ORPHA:35701
5	0.2160300612449646	OMIM:601941	OMIM:601941
5	0.2160300612449646	OMIM:601942	OMIM:601942
7	0.21771108042176046	ORPHA:79235	ORPHA:79235
8	0.21890521049499512	ORPHA:48372	ORPHA:48372
9	0.22210055589675903	ORPHA:441	ORPHA:441
10	0.22210216522216797	OMIM:306300	OMIM:306300
