rank	score	disease_name	disease_identifier
1	0.19896888732910156	ORPHA:2564	ORPHA:2564
2	0.2009798288345337	OMIM:139630	OMIM:139630
3	0.2032209038734436	OMIM:425500	OMIM:425500
4	0.20352554321289062	ORPHA:2730	ORPHA:2730
5	0.20585113763809204	ORPHA:1447	ORPHA:1447
6	0.20613926649093628	ORPHA:1122	ORPHA:1122
7	0.20726382732391357	ORPHA:168	ORPHA:168
8	0.2081570029258728	ORPHA:720	ORPHA:720
9	0.20854413509368896	ORPHA:93321	ORPHA:93321
10	0.21052390336990356	ORPHA:71276	ORPHA:71276
