rank	score	disease_name	disease_identifier
1	0.20230650901794434	OMIM:139630	OMIM:139630
2	0.20794039964675903	ORPHA:2730	ORPHA:2730
3	0.2079421877861023	ORPHA:2564	ORPHA:2564
4	0.20846211910247803	OMIM:425500	OMIM:425500
5	0.2096845507621765	ORPHA:1122	ORPHA:1122
6	0.21013128757476807	ORPHA:168	ORPHA:168
7	0.21023666858673096	ORPHA:1447	ORPHA:1447
8	0.21195662021636963	OMIM:107700	OMIM:107700
9	0.2122114896774292	ORPHA:720	ORPHA:720
10	0.21316128969192505	ORPHA:93321	ORPHA:93321
