rank	score	disease_name	disease_identifier
1	0.1723463535308838	ORPHA:209919	ORPHA:209919
2	0.17433977127075195	OMIM:614028	OMIM:614028
3	0.1762966513633728	OMIM:614128	OMIM:614128
4	0.17836570739746094	OMIM:613825	OMIM:613825
5	0.18084216117858887	ORPHA:79506	ORPHA:79506
6	0.18335753679275513	ORPHA:2843	ORPHA:2843
7	0.184578537940979	ORPHA:48372	ORPHA:48372
8	0.1857508420944214	ORPHA:42062	ORPHA:42062
9	0.18660444021224976	ORPHA:2056	ORPHA:2056
10	0.187308669090271	OMIM:615517	OMIM:615517
