rank	score	disease_name	disease_identifier
1	0.17528295516967773	OMIM:139630	OMIM:139630
2	0.18563657999038696	ORPHA:720	ORPHA:720
3	0.18614721298217773	OMIM:107700	OMIM:107700
4	0.18934780359268188	ORPHA:1509	ORPHA:1509
5	0.19013619422912598	OMIM:613949	OMIM:613949
6	0.1909528374671936	OMIM:425500	OMIM:425500
7	0.1956304907798767	ORPHA:168	ORPHA:168
8	0.19756734371185303	OMIM:602197	OMIM:602197
9	0.1979702115058899	ORPHA:2040	ORPHA:2040
10	0.19818705320358276	ORPHA:50942	ORPHA:50942
