rank	score	disease_name	disease_identifier
1	0.18486261367797852	OMIM:139630	OMIM:139630
2	0.18907839059829712	OMIM:107700	OMIM:107700
3	0.19252502918243408	OMIM:300082	OMIM:300082
3	0.19252502918243408	OMIM:158280	OMIM:158280
5	0.1942821741104126	ORPHA:720	ORPHA:720
6	0.1947881579399109	OMIM:425500	OMIM:425500
7	0.19724375009536743	OMIM:613949	OMIM:613949
8	0.19851547479629517	ORPHA:2040	ORPHA:2040
9	0.20059263706207275	ORPHA:2456	ORPHA:2456
10	0.20129334926605225	OMIM:610187	OMIM:610187
