rank	score	disease_name	disease_identifier
1	0.15662097930908203	OMIM:139630	OMIM:139630
2	0.1668606996536255	ORPHA:720	ORPHA:720
3	0.17354625463485718	OMIM:107700	OMIM:107700
4	0.17618054151535034	OMIM:613949	OMIM:613949
5	0.17865008115768433	OMIM:425500	OMIM:425500
6	0.18327945470809937	ORPHA:50942	ORPHA:50942
7	0.18351835012435913	ORPHA:168	ORPHA:168
8	0.1844649314880371	OMIM:300082	OMIM:300082
8	0.1844649314880371	OMIM:158280	OMIM:158280
10	0.18512630462646484	ORPHA:2040	ORPHA:2040
