rank	score	disease_name	disease_identifier
1	0.1754205822944641	OMIM:300082	OMIM:300082
1	0.1754205822944641	OMIM:158280	OMIM:158280
3	0.19266140460968018	ORPHA:71276	ORPHA:71276
4	0.1975749135017395	ORPHA:2149	ORPHA:2149
5	0.19828742742538452	ORPHA:180	ORPHA:180
6	0.19909393787384033	OMIM:425500	OMIM:425500
7	0.19969391822814941	ORPHA:1661	ORPHA:1661
8	0.20011955499649048	ORPHA:1179	ORPHA:1179
9	0.20026785135269165	ORPHA:2989	ORPHA:2989
10	0.20075303316116333	ORPHA:792	ORPHA:792
