rank	score	disease_name	disease_identifier
1	0.1465623378753662	ORPHA:231393	ORPHA:231393
2	0.15856802463531494	ORPHA:318	ORPHA:318
3	0.1624169945716858	OMIM:609135	OMIM:609135
4	0.1637113094329834	ORPHA:721	ORPHA:721
5	0.16442978382110596	OMIM:613949	OMIM:613949
6	0.16447877883911133	OMIM:604498	OMIM:604498
7	0.1653270721435547	ORPHA:86841	ORPHA:86841
8	0.16850340366363525	ORPHA:521	ORPHA:521
9	0.1685747504234314	OMIM:615193	OMIM:615193
10	0.16978996992111206	ORPHA:75564	ORPHA:75564
