rank	score	disease_name	disease_identifier
1	0.1936347484588623	OMIM:139630	OMIM:139630
2	0.19428229331970215	OMIM:107700	OMIM:107700
3	0.1995132565498352	OMIM:425500	OMIM:425500
4	0.20043915510177612	ORPHA:1509	ORPHA:1509
5	0.2021285891532898	ORPHA:720	ORPHA:720
6	0.20220965147018433	OMIM:613949	OMIM:613949
7	0.20267391204833984	OMIM:208158	OMIM:208158
8	0.20329374074935913	OMIM:610187	OMIM:610187
9	0.2071039080619812	OMIM:300082	OMIM:300082
9	0.2071039080619812	OMIM:158280	OMIM:158280
