rank	score	disease_name	disease_identifier
1	0.20868396759033203	OMIM:300082	OMIM:300082
1	0.20868396759033203	OMIM:158280	OMIM:158280
3	0.2127377986907959	ORPHA:97337	ORPHA:97337
4	0.2137765884399414	ORPHA:1509	ORPHA:1509
5	0.2144736647605896	ORPHA:71276	ORPHA:71276
6	0.21528488397598267	ORPHA:57782	ORPHA:57782
7	0.215631365776062	OMIM:425500	OMIM:425500
8	0.21670424938201904	ORPHA:2768	ORPHA:2768
9	0.21752387285232544	ORPHA:2989	ORPHA:2989
10	0.21779441833496094	ORPHA:329967	ORPHA:329967
