rank	score	disease_name	disease_identifier
1	0.20851582288742065	OMIM:139630	OMIM:139630
2	0.20938217639923096	ORPHA:1509	ORPHA:1509
3	0.2102842926979065	OMIM:613949	OMIM:613949
4	0.21069979667663574	OMIM:425500	OMIM:425500
5	0.2141948938369751	OMIM:127800	OMIM:127800
6	0.21457207202911377	OMIM:107700	OMIM:107700
7	0.2157217264175415	ORPHA:1802	ORPHA:1802
8	0.21655112504959106	ORPHA:720	ORPHA:720
9	0.21699053049087524	OMIM:300082	OMIM:300082
9	0.21699053049087524	OMIM:158280	OMIM:158280
