rank	score	disease_name	disease_identifier
1	0.20934176445007324	OMIM:300082	OMIM:300082
1	0.20934176445007324	OMIM:158280	OMIM:158280
3	0.21394145488739014	OMIM:127800	OMIM:127800
4	0.21679455041885376	OMIM:613342	OMIM:613342
5	0.2199993133544922	ORPHA:112	ORPHA:112
6	0.22193753719329834	OMIM:613949	OMIM:613949
7	0.2222897102029584	ORPHA:319600	ORPHA:319600
8	0.22388917207717896	OMIM:306300	OMIM:306300
9	0.2246120572090149	OMIM:139630	OMIM:139630
10	0.2248297929763794	OMIM:208158	OMIM:208158
