rank	score	disease_name	disease_identifier
1	0.21900874376296997	OMIM:300082	OMIM:300082
1	0.21900874376296997	OMIM:158280	OMIM:158280
3	0.21904700994491577	ORPHA:279882	ORPHA:279882
4	0.2233695387840271	ORPHA:46348	ORPHA:46348
5	0.22483062744140625	DECIPHER:31	DECIPHER:31
6	0.22539228200912476	ORPHA:1179	ORPHA:1179
7	0.2267412543296814	ORPHA:2149	ORPHA:2149
8	0.2274513840675354	OMIM:611031	OMIM:611031
9	0.22817403078079224	OMIM:208158	OMIM:208158
10	0.22863388061523438	OMIM:613949	OMIM:613949
