rank	score	disease_name	disease_identifier
1	0.18336784839630127	OMIM:139630	OMIM:139630
2	0.19047409296035767	ORPHA:720	ORPHA:720
3	0.19298475980758667	ORPHA:50942	ORPHA:50942
4	0.19597119092941284	ORPHA:168	ORPHA:168
5	0.19939184188842773	OMIM:613949	OMIM:613949
6	0.1998666524887085	ORPHA:79129	ORPHA:79129
7	0.2022121548652649	ORPHA:86923	ORPHA:86923
8	0.202639639377594	ORPHA:1818	ORPHA:1818
9	0.20401567220687866	ORPHA:211	ORPHA:211
10	0.2040700912475586	ORPHA:218	ORPHA:218
