rank	score	disease_name	disease_identifier
1	0.12059277296066284	ORPHA:75374	ORPHA:75374
2	0.132612943649292	ORPHA:1872	ORPHA:1872
3	0.1475929617881775	ORPHA:180	ORPHA:180
4	0.14986443519592285	ORPHA:1871	ORPHA:1871
5	0.15011835098266602	ORPHA:1661	ORPHA:1661
6	0.15746593475341797	OMIM:609257	OMIM:609257
6	0.15746593475341797	OMIM:609258	OMIM:609258
6	0.15746593475341797	OMIM:609259	OMIM:609259
9	0.15792381763458252	ORPHA:71276	ORPHA:71276
10	0.15956354141235352	ORPHA:2989	ORPHA:2989
