rank	score	disease_name	disease_identifier
1	0.14599573612213135	OMIM:203340	OMIM:203340
2	0.15178990364074707	ORPHA:79478	ORPHA:79478
3	0.16614210605621338	ORPHA:42665	ORPHA:42665
4	0.16877233982086182	ORPHA:79433	ORPHA:79433
5	0.17543190717697144	ORPHA:79435	ORPHA:79435
6	0.17567116022109985	OMIM:139630	OMIM:139630
7	0.17608606815338135	OMIM:126070	OMIM:126070
8	0.17862653732299805	ORPHA:79432	ORPHA:79432
9	0.18045812845230103	ORPHA:720	ORPHA:720
10	0.1805133819580078	OMIM:606574	OMIM:606574
