rank	score	disease_name	disease_identifier
1	0.19444656372070312	OMIM:208158	OMIM:208158
2	0.19745969772338867	OMIM:127800	OMIM:127800
3	0.19812911748886108	OMIM:300082	OMIM:300082
3	0.19812911748886108	OMIM:158280	OMIM:158280
5	0.20186972618103027	OMIM:613933	OMIM:613933
6	0.20480895042419434	ORPHA:256	ORPHA:256
7	0.2048126459121704	OMIM:159580	OMIM:159580
8	0.20501595735549927	ORPHA:1216	ORPHA:1216
9	0.20558780431747437	ORPHA:401780	ORPHA:401780
10	0.2065262794494629	OMIM:300211	OMIM:300211
