rank	score	disease_name	disease_identifier
1	0.1801532506942749	ORPHA:93304	ORPHA:93304
2	0.18462002277374268	ORPHA:2777	ORPHA:2777
3	0.1858276128768921	ORPHA:2285	ORPHA:2285
4	0.18613415956497192	ORPHA:2956	ORPHA:2956
5	0.18656766414642334	ORPHA:93302	ORPHA:93302
6	0.187835693359375	OMIM:613342	OMIM:613342
7	0.1892927885055542	OMIM:139630	OMIM:139630
8	0.18953263759613037	OMIM:616566	OMIM:616566
9	0.19057947397232056	OMIM:127800	OMIM:127800
10	0.19268333911895752	ORPHA:3180	ORPHA:3180
