rank	score	disease_name	disease_identifier
1	0.20914322137832642	OMIM:425500	OMIM:425500
2	0.20937854051589966	OMIM:139630	OMIM:139630
3	0.21080076694488525	ORPHA:2695	ORPHA:2695
4	0.21128159761428833	ORPHA:3034	ORPHA:3034
5	0.2124028205871582	ORPHA:477781	ORPHA:477781
6	0.21331918239593506	ORPHA:2007	ORPHA:2007
7	0.21414810419082642	OMIM:615979	OMIM:615979
8	0.2147310972213745	ORPHA:71276	ORPHA:71276
9	0.2150304913520813	ORPHA:2964	ORPHA:2964
10	0.21520400047302246	ORPHA:1906	ORPHA:1906
