rank	score	disease_name	disease_identifier
1	0.2065172791481018	OMIM:139630	OMIM:139630
2	0.20760732889175415	ORPHA:1447	ORPHA:1447
3	0.20825517177581787	ORPHA:168	ORPHA:168
4	0.20949822664260864	ORPHA:2564	ORPHA:2564
5	0.21002840995788574	ORPHA:93321	ORPHA:93321
6	0.21073544025421143	ORPHA:2730	ORPHA:2730
7	0.21181529760360718	ORPHA:720	ORPHA:720
8	0.21317028999328613	ORPHA:50942	ORPHA:50942
9	0.21351367235183716	ORPHA:1122	ORPHA:1122
10	0.21383100748062134	ORPHA:2497	ORPHA:2497
