rank	score	disease_name	disease_identifier
1	0.15634459257125854	ORPHA:42062	ORPHA:42062
2	0.1765621304512024	ORPHA:2843	ORPHA:2843
3	0.18407249450683594	ORPHA:2056	ORPHA:2056
4	0.1892758011817932	ORPHA:147	ORPHA:147
5	0.18966633081436157	OMIM:615135	OMIM:615135
6	0.1903364658355713	OMIM:613825	OMIM:613825
7	0.191675066947937	ORPHA:247598	ORPHA:247598
8	0.1918013095855713	ORPHA:214	ORPHA:214
9	0.1936442255973816	ORPHA:664	ORPHA:664
10	0.19379740953445435	OMIM:618884	OMIM:618884
