rank	score	disease_name	disease_identifier
1	0.18188130855560303	ORPHA:1509	ORPHA:1509
2	0.18798518180847168	ORPHA:2768	ORPHA:2768
3	0.18974322080612183	ORPHA:931	ORPHA:931
4	0.19003456830978394	OMIM:619598	OMIM:619598
5	0.19087821245193481	ORPHA:93356	ORPHA:93356
6	0.1917096972465515	ORPHA:85175	ORPHA:85175
7	0.1935133934020996	ORPHA:1802	ORPHA:1802
8	0.19387853145599365	ORPHA:1040	ORPHA:1040
9	0.19400405883789062	ORPHA:67041	ORPHA:67041
10	0.19446676969528198	ORPHA:85197	ORPHA:85197
