rank	score	disease_name	disease_identifier
1	0.19931477308273315	OMIM:425500	OMIM:425500
2	0.1993688941001892	OMIM:139630	OMIM:139630
3	0.20153695344924927	OMIM:300082	OMIM:300082
3	0.20153695344924927	OMIM:158280	OMIM:158280
5	0.2032322883605957	OMIM:203340	OMIM:203340
6	0.20518583059310913	ORPHA:720	ORPHA:720
7	0.2063886523246765	ORPHA:71276	ORPHA:71276
8	0.20658421516418457	ORPHA:83461	ORPHA:83461
9	0.209150493144989	ORPHA:700	ORPHA:700
10	0.21042406558990479	ORPHA:168	ORPHA:168
