rank	score	disease_name	disease_identifier
1	0.2187941074371338	OMIM:613342	OMIM:613342
2	0.21882450580596924	ORPHA:2564	ORPHA:2564
3	0.22136187553405762	ORPHA:1122	ORPHA:1122
4	0.22283679246902466	ORPHA:238578	ORPHA:238578
5	0.22335118055343628	ORPHA:2513	ORPHA:2513
6	0.2239077091217041	OMIM:425500	OMIM:425500
7	0.22413021326065063	ORPHA:2150	ORPHA:2150
8	0.224534809589386	OMIM:200500	OMIM:200500
9	0.22484880685806274	ORPHA:2730	ORPHA:2730
10	0.22496187686920166	OMIM:127800	OMIM:127800
