rank	score	disease_name	disease_identifier
1	0.194943368434906	ORPHA:55654	ORPHA:55654
2	0.20150995254516602	OMIM:139630	OMIM:139630
3	0.20492488145828247	ORPHA:444	ORPHA:444
4	0.2067158818244934	ORPHA:720	ORPHA:720
5	0.20841926336288452	ORPHA:701	ORPHA:701
6	0.20842069387435913	ORPHA:169	ORPHA:169
7	0.20853197574615479	ORPHA:700	ORPHA:700
8	0.20903044939041138	ORPHA:91132	ORPHA:91132
9	0.20926392078399658	OMIM:618275	OMIM:618275
10	0.20954805612564087	OMIM:605389	OMIM:605389
