rank	score	disease_name	disease_identifier
1	0.18088221549987793	ORPHA:1509	ORPHA:1509
2	0.18174004554748535	OMIM:619598	OMIM:619598
3	0.185188889503479	ORPHA:931	ORPHA:931
4	0.19074618816375732	OMIM:601438	OMIM:601438
5	0.19112420082092285	ORPHA:93356	ORPHA:93356
6	0.19170546531677246	ORPHA:2768	ORPHA:2768
7	0.19216644763946533	ORPHA:1986	ORPHA:1986
8	0.19262254238128662	ORPHA:1122	ORPHA:1122
9	0.19262641668319702	ORPHA:988	ORPHA:988
10	0.19345378875732422	OMIM:200500	OMIM:200500
