rank	score	disease_name	disease_identifier
1	0.20767533779144287	OMIM:300082	OMIM:300082
1	0.20767533779144287	OMIM:158280	OMIM:158280
3	0.2166842222213745	OMIM:139630	OMIM:139630
4	0.2172243595123291	ORPHA:71276	ORPHA:71276
5	0.21741503477096558	DECIPHER:31	DECIPHER:31
6	0.21825438737869263	OMIM:425500	OMIM:425500
7	0.2185768485069275	OMIM:190420	OMIM:190420
8	0.2208220362663269	ORPHA:83461	ORPHA:83461
9	0.22134369611740112	ORPHA:293	ORPHA:293
10	0.22261422872543335	ORPHA:720	ORPHA:720
