rank	score	disease_name	disease_identifier
1	0.1991204023361206	ORPHA:71276	ORPHA:71276
2	0.20738238096237183	OMIM:425500	OMIM:425500
3	0.21098899841308594	ORPHA:83461	ORPHA:83461
4	0.21206194162368774	OMIM:139630	OMIM:139630
5	0.21221917867660522	OMIM:300082	OMIM:300082
5	0.21221917867660522	OMIM:158280	OMIM:158280
7	0.21308571100234985	ORPHA:2989	ORPHA:2989
8	0.2139725685119629	ORPHA:1661	ORPHA:1661
9	0.21507179737091064	ORPHA:2017	ORPHA:2017
10	0.21567845344543457	ORPHA:1134	ORPHA:1134
