rank	score	disease_name	disease_identifier
1	0.2053166627883911	OMIM:139630	OMIM:139630
2	0.21147853136062622	OMIM:190420	OMIM:190420
3	0.2127438187599182	ORPHA:720	ORPHA:720
4	0.21504712104797363	ORPHA:401942	ORPHA:401942
5	0.21564394235610962	ORPHA:2513	ORPHA:2513
6	0.21566832065582275	ORPHA:477781	ORPHA:477781
7	0.2159714698791504	ORPHA:1906	ORPHA:1906
8	0.21623176336288452	OMIM:613342	OMIM:613342
9	0.2167542576789856	ORPHA:79129	ORPHA:79129
10	0.2168569564819336	ORPHA:1134	ORPHA:1134
