rank	score	disease_name	disease_identifier
1	0.20235908031463623	OMIM:190420	OMIM:190420
2	0.2040112018585205	OMIM:613342	OMIM:613342
3	0.20601379871368408	ORPHA:71276	ORPHA:71276
4	0.20848292112350464	OMIM:425500	OMIM:425500
5	0.21035248041152954	ORPHA:85324	ORPHA:85324
6	0.2110370397567749	DECIPHER:62	DECIPHER:62
7	0.21232330799102783	ORPHA:293	ORPHA:293
8	0.21523582935333252	OMIM:127800	OMIM:127800
9	0.2155693769454956	ORPHA:2017	ORPHA:2017
10	0.21577328443527222	OMIM:300082	OMIM:300082
