rank	score	disease_name	disease_identifier
1	0.18399721384048462	OMIM:300082	OMIM:300082
1	0.18399721384048462	OMIM:158280	OMIM:158280
3	0.19574327937274683	ORPHA:319600	ORPHA:319600
4	0.20090526342391968	ORPHA:256	ORPHA:256
5	0.2013314962387085	ORPHA:238606	ORPHA:238606
6	0.20155853033065796	ORPHA:614	ORPHA:614
7	0.20279181003570557	ORPHA:592	ORPHA:592
8	0.20368117094039917	OMIM:127800	OMIM:127800
9	0.20443081855773926	OMIM:613933	OMIM:613933
10	0.20568960905075073	OMIM:425500	OMIM:425500
