rank	score	disease_name	disease_identifier
1	0.19013142585754395	OMIM:300082	OMIM:300082
1	0.19013142585754395	OMIM:158280	OMIM:158280
3	0.20434421300888062	OMIM:190420	OMIM:190420
4	0.20686203241348267	OMIM:425500	OMIM:425500
5	0.20738452672958374	ORPHA:2149	ORPHA:2149
6	0.2081630825996399	ORPHA:46348	ORPHA:46348
7	0.20922356843948364	DECIPHER:74	DECIPHER:74
8	0.21140509843826294	ORPHA:293	ORPHA:293
9	0.21169233322143555	OMIM:139630	OMIM:139630
10	0.2117142677307129	ORPHA:35701	ORPHA:35701
