rank	score	disease_name	disease_identifier
1	0.18052524328231812	OMIM:300082	OMIM:300082
1	0.18052524328231812	OMIM:158280	OMIM:158280
3	0.20054560899734497	ORPHA:2149	ORPHA:2149
4	0.20158684253692627	OMIM:425500	OMIM:425500
5	0.20222687721252441	OMIM:190420	OMIM:190420
6	0.2051282525062561	DECIPHER:31	DECIPHER:31
7	0.2062726616859436	ORPHA:293	ORPHA:293
8	0.206920325756073	DECIPHER:74	DECIPHER:74
9	0.2076491117477417	DECIPHER:62	DECIPHER:62
10	0.20821630954742432	OMIM:139630	OMIM:139630
