rank	score	disease_name	disease_identifier
1	0.14529871940612793	OMIM:203340	OMIM:203340
2	0.14991611242294312	ORPHA:79478	ORPHA:79478
3	0.16390419006347656	ORPHA:42665	ORPHA:42665
4	0.17010748386383057	OMIM:139630	OMIM:139630
5	0.17053353786468506	ORPHA:79433	ORPHA:79433
6	0.17180627584457397	OMIM:126070	OMIM:126070
7	0.17206919193267822	ORPHA:79435	ORPHA:79435
8	0.17512190341949463	ORPHA:720	ORPHA:720
9	0.17626410722732544	OMIM:606952	OMIM:606952
10	0.17672282457351685	ORPHA:700	ORPHA:700
