rank	score	disease_name	disease_identifier
1	0.18175393342971802	OMIM:300082	OMIM:300082
1	0.18175393342971802	OMIM:158280	OMIM:158280
3	0.19805610179901123	OMIM:425500	OMIM:425500
4	0.1990540623664856	ORPHA:2149	ORPHA:2149
5	0.20374321937561035	ORPHA:46348	ORPHA:46348
6	0.20505666732788086	DECIPHER:74	DECIPHER:74
7	0.2075291872024536	OMIM:139630	OMIM:139630
8	0.2077009081840515	ORPHA:35701	ORPHA:35701
9	0.20968961715698242	ORPHA:3057	ORPHA:3057
10	0.21027320623397827	ORPHA:720	ORPHA:720
