rank	score	disease_name	disease_identifier
1	0.1836039423942566	OMIM:139630	OMIM:139630
2	0.191936194896698	ORPHA:720	ORPHA:720
3	0.19476139545440674	OMIM:425500	OMIM:425500
4	0.1994342803955078	ORPHA:2287	ORPHA:2287
5	0.19950509071350098	ORPHA:141091	ORPHA:141091
6	0.19961100816726685	ORPHA:50942	ORPHA:50942
7	0.19970989227294922	ORPHA:168	ORPHA:168
8	0.19980311393737793	ORPHA:401942	ORPHA:401942
9	0.1998080611228943	ORPHA:248	ORPHA:248
10	0.20027601718902588	ORPHA:2964	ORPHA:2964
