rank	score	disease_name	disease_identifier
1	0.1753273606300354	OMIM:400004	OMIM:400004
2	0.17802584171295166	OMIM:203340	OMIM:203340
3	0.17870038747787476	ORPHA:1872	ORPHA:1872
4	0.179456889629364	ORPHA:180	ORPHA:180
5	0.1796705722808838	OMIM:609257	OMIM:609257
5	0.1796705722808838	OMIM:609258	OMIM:609258
5	0.1796705722808838	OMIM:609259	OMIM:609259
8	0.18005454540252686	ORPHA:2989	ORPHA:2989
9	0.1809931993484497	OMIM:606068	OMIM:606068
10	0.18231624364852905	OMIM:613660	OMIM:613660
