rank	score	disease_name	disease_identifier
1	0.129810631275177	ORPHA:93404	ORPHA:93404
2	0.13833552598953247	OMIM:610713	OMIM:610713
3	0.13854706287384033	ORPHA:1892	ORPHA:1892
4	0.14272433519363403	ORPHA:93406	ORPHA:93406
5	0.1460379958152771	ORPHA:2730	ORPHA:2730
6	0.14649903774261475	ORPHA:93402	ORPHA:93402
7	0.1470198631286621	ORPHA:85169	ORPHA:85169
8	0.14851433038711548	ORPHA:2564	ORPHA:2564
9	0.15515393018722534	ORPHA:93405	ORPHA:93405
10	0.15691852569580078	ORPHA:93403	ORPHA:93403
