rank	score	disease_name	disease_identifier
1	0.21184426546096802	ORPHA:140286	ORPHA:140286
2	0.21283161640167236	ORPHA:655	ORPHA:655
3	0.2129361629486084	OMIM:203330	OMIM:203330
4	0.2141861915588379	ORPHA:2239	ORPHA:2239
5	0.21549063920974731	OMIM:300082	OMIM:300082
5	0.21549063920974731	OMIM:158280	OMIM:158280
7	0.21721476316452026	ORPHA:214	ORPHA:214
8	0.21748322248458862	OMIM:203340	OMIM:203340
9	0.21773719787597656	ORPHA:1195	ORPHA:1195
10	0.21843492984771729	ORPHA:231393	ORPHA:231393
