results_directory_path	top	top3	top5	top10	found	total	mean_reciprocal_rank	percentage_top	percentage_top3	percentage_top5	percentage_top10	percentage_found
/Users/carlo/Desktop/exomiser_results	107	176	187	213	385	385	0.38218938244413436	27.792207792207794	45.714285714285715	48.57142857142857	55.324675324675326	100.0
/Users/carlo/Desktop/elder_results	51	90	106	140	385	385	0.21229293611104272	13.246753246753247	23.376623376623378	27.532467532467532	36.36363636363637	100.0
